Starting simulations at 031125_1441
      From worker 4:	Starting run for ns=0.45586113648724746, abx=0.0 at 14:42:35
      From worker 3:	Starting run for ns=1.7623942844141665, abx=0.0 at 14:42:35
      From worker 2:	Starting run for ns=0.7481584182562523, abx=0.0 at 14:42:35
      From worker 5:	Starting run for ns=1.0365785284612912, abx=0.0 at 14:42:36
      From worker 5:	Fork created at time 160.13718135658021
      From worker 3:	Fork created at time 221.7248611709711
      From worker 2:	Fork created at time 239.62445837112764
      From worker 4:	Fork created at time 260.1949304419701
      From worker 3:	Cell divided at 281.72386119140896
      From worker 5:	Cell divided at 220.13618136758168
      From worker 5:	Fork created at time 220.13618138241833
      From worker 3:	Fork created at time 285.965001711368
      From worker 2:	Cell divided at 299.6234583731377
      From worker 2:	Fork created at time 306.34697715091255
      From worker 4:	Cell divided at 320.19393044365245
      From worker 4:	Fork created at time 331.49539928303716
      From worker 5:	Fork created at time 269.36661845919286
      From worker 3:	Fork created at time 338.69741464064066
      From worker 2:	Cell divided at 366.3459771558813
      From worker 3:	Cell divided at 345.9640017164836
      From worker 5:	Cell divided at 280.13518138613813
      From worker 2:	Fork created at time 377.0122628238063
      From worker 4:	Cell divided at 391.4943992837659
      From worker 3:	Fork created at time 387.0515751925988
      From worker 4:	Fork created at time 419.04997339254413
      From worker 5:	Fork created at time 323.5503692804454
      From worker 2:	Cell divided at 437.0112628329209
      From worker 5:	Cell divided at 329.36561846908694
      From worker 2:	Fork created at time 448.9455917332042
      From worker 3:	Cell divided at 398.6964146597049
      From worker 5:	Cell divided at 383.5493692960878
      From worker 4:	Cell divided at 479.0489733968387
      From worker 5:	Fork created at time 386.74991263403956
      From worker 3:	Fork created at time 435.14465417302256
      From worker 4:	Fork created at time 500.71599957582976
      From worker 2:	Cell divided at 508.94459174120806
      From worker 2:	Fork created at time 518.2372575922045
      From worker 3:	Cell divided at 447.05057520379125
      From worker 5:	Cell divided at 446.7489126391607
      From worker 5:	Fork created at time 460.68085206184827
      From worker 4:	Cell divided at 560.7149995859111
      From worker 3:	Fork created at time 474.92761243740557
      From worker 2:	Cell divided at 578.2362575944484
      From worker 2:	Fork created at time 589.8344871949564
      From worker 4:	Fork created at time 593.7585681138999
      From worker 5:	Cell divided at 520.6798520835672
      From worker 5:	Fork created at time 526.1596335726896
      From worker 3:	Cell divided at 495.1436541808517
      From worker 2:	Cell divided at 649.8334872088528
      From worker 4:	Cell divided at 653.7575681288495
      From worker 2:	Fork created at time 675.9444390148716
      From worker 3:	Fork created at time 516.0322463356678
      From worker 5:	Cell divided at 586.1586335859732
      From worker 4:	Fork created at time 701.2256711089315
      From worker 5:	Fork created at time 588.5594637815793
      From worker 3:	Cell divided at 534.9266124418021
      From worker 2:	Cell divided at 735.9434390273622
      From worker 2:	Fork created at time 741.530051883046
  From worker 3:	Cell divided at 769.0192930533588
      From worker 3:	Fork created at time 787.9220133522488
      From worker 5:	Cell divided at 572.3266378975035
      From worker 5:	Fork created at time 587.5561787975859
      From worker 2:	Cell divided at 828.2554301887435
      From worker 4:	Cell divided at 878.8618788177567
      From worker 2:	Fork created at time 841.5865891339055
      From worker 4:	Fork created at time 912.3258800491269
      From worker 3:	Fork created at time 842.6967513591629
      From worker 5:	Cell divided at 647.5551788099634
      From worker 3:	Cell divided at 847.9210133573683
      From worker 5:	Fork created at time 661.5162774988559
      From worker 2:	Cell divided at 901.5855891348476
      From worker 4:	Cell divided at 972.3248800767844
      From worker 2:	Fork created at time 910.7298747258411
      From worker 5:	Cell divided at 721.5152775098351
      From worker 3:	Fork created at time 887.2213297373281
      From worker 5:	Fork created at time 754.1337003665475
      From worker 4:	Fork created at time 1039.4666661296471
      From worker 3:	Cell divided at 902.6957513650648
      From worker 5:	Cell divided at 814.1327003768113
      From worker 5:	Fork created at time 839.6226466227372
      From worker 2:	Cell divided at 970.7288747369228
      From worker 3:	Fork created at time 926.9375956321735
      From worker 2:	Fork created at time 980.0387119172314
      From worker 4:	Cell divided at 1099.4656661450986
      From worker 3:	Cell divided at 947.2203297397662
      From worker 4:	Fork created at time 1146.691956228336
      From worker 5:	Cell divided at 899.6216466275401
      From worker 5:	Fork created at time 899.6216466621773
      From worker 3:	Cell divided at 986.9365956408335
      From worker 3:	Fork created at time 995.7484211956984
      From worker 2:	Cell divided at 1040.0377119469676
      From worker 4:	Cell divided at 1206.6909562575502
      From worker 2:	Fork created at time 1045.4714645496592
      From worker 4:	Fork created at time 1248.8396850549857
      From worker 3:	Cell divided at 1055.7474212042955
      From worker 3:	Fork created at time 1055.7474212543564
      From worker 5:	Fork created at time 953.6788247513073
      From worker 5:	Cell divided at 959.6206466635846
      From worker 4:	Cell divided at 1308.8386850607333
      From worker 2:	Cell divided at 1105.4704645602424
      From worker 2:	Fork created at time 1108.1849206944535
      From worker 3:	Fork created at time 1113.0283742875647
      From worker 3:	Cell divided at 1115.7464212602267
      From worker 4:	Fork created at time 1341.3038964826926
      From worker 5:	Fork created at time 1010.2359515120683
      From worker 5:	Cell divided at 1013.67782476059
      From worker 3:	Fork created at time 1153.9731361435292
      From worker 2:	Cell divided at 1168.183920695326
      From worker 4:	Cell divided at 1401.3028964927632
      From worker 2:	Fork created at time 1174.0325550527202
      From worker 4:	Fork created at time 1435.9680866283184
      From worker 5:	Fork created at time 1050.4062405595314
      From worker 3:	Cell divided at 1173.027374296968
      From worker 3:	Fork created at time 1190.5963147922387
      From worker 2:	Cell divided at 1234.0315550721316
      From worker 2:	Fork created at time 1246.0589056122121
      From worker 5:	Cell divided at 1070.2349515134858
      From worker 4:	Cell divided at 1495.9670866614194
      From worker 4:	Fork created at time 1532.9993640510443
      From worker 3:	Cell divided at 1213.9721361487966
      From worker 2:	Cell divided at 1306.0579056153913
      From worker 5:	Fork created at time 1104.802628542965
      From worker 5:	Cell divided at 1110.4052405618918
      From worker 2:	Fork created at time 1346.833799703537
      From worker 3:	Fork created at time 1234.8386977029597
      From worker 4:	Cell divided at 1592.9983640562061
      From worker 3:	Cell divided at 1250.5953147923158
      From worker 5:	Cell divided at 1164.8016285770664
      From worker 5:	Fork created at time 1167.397741693514
      From worker 2:	Cell divided at 1406.8327997039253
      From worker 4:	Fork created at time 1624.6770676191122
      From worker 2:	Fork created at time 1429.9155127939468
      From worker 3:	Fork created at time 1273.5929255888425
      From worker 5:	Cell divided at 1227.3967416963853
      From worker 5:	Fork created at time 1229.3332253328967
      From worker 3:	Cell divided at 1294.837697712776
      From worker 4:	Cell divided at 1684.6760676301883
      From worker 2:	Cell divided at 1489.9145128134119
      From worker 3:	Fork created at time 1310.1781294097882
      From worker 2:	Fork created at time 1490.5992911583528
      From worker 4:	Fork created at time 1705.7409816438721
      From worker 5:	Fork created at time 1278.223329065764
      From worker 3:	Cell divided at 1333.5919255977576
      From worker 5:	Cell divided at 1289.3322253344336
      From worker 4:	Cell divided at 1765.7399816522259
      From worker 3:	Fork created at time 1360.3446157594478
      From worker 2:	Fork created at time 1548.0021856143285
      From worker 2:	Cell divided at 1550.5982911597694
      From worker 3:	Cell divided at 1370.1771294128125
      From worker 4:	Fork created at time 1786.2271634453966
      From worker 5:	Fork created at time 1317.8848989652188
      From worker 3:	Fork created at time 1411.8125369743059
      From worker 3:	Cell divided at 1420.3436157625852
      From worker 4:	Cell divided at 1846.2261634591223
      From worker 2:	Fork created at time 1605.4983196441324
      From worker 5:	Cell divided at 1338.2223290699958
      From worker 2:	Cell divided at 1608.0011856194976
      From worker 4:	Fork created at time 1864.1864934934158
      From worker 3:	Fork created at time 1462.0512938924069
      From worker 5:	Fork created at time 1361.3076776709152
      From worker 3:	Cell divided at 1471.8115369778718
      From worker 2:	Cell divided at 1665.4973196662763
      From worker 4:	Cell divided at 1924.1854934958328
      From worker 2:	Fork created at time 1672.7101323373977
      From worker 5:	Cell divided at 1377.883898968552
      From worker 3:	Fork created at time 1500.234928596002
      From worker 4:	Fork created at time 1964.3573203472572
      From worker 5:	Fork created at time 1406.7439264452412
      From worker 2:	Cell divided at 1732.7091323402478
      From worker 3:	Cell divided at 1522.0502938949442
      From worker 2:	Fork created at time 1764.3218327845977
      From worker 5:	Cell divided at 1421.3066776759727
      From worker 4:	Cell divided at 2024.3563203538272
      From worker 3:	Fork created at time 1540.8165685160416
      From worker 4:	Fork created at time 2065.1766180034765
      From worker 2:	Cell divided at 1824.3208328103024
      From worker 2:	Fork created at time 1840.570532155939
      From worker 3:	Cell divided at 1560.2339285965543
      From worker 5:	Fork created at time 1458.7541482201395
      From worker 4:	Cell divided at 2125.1756180062407
      From worker 5:	Cell divided at 1466.742926450964
      From worker 3:	Fork created at time 1587.195910837872
      From worker 4:	Fork created at time 2172.6473168214598
      From worker 2:	Cell divided at 1900.5695321635421
      From worker 3:	Cell divided at 1600.815568520191
      From worker 2:	Fork created at time 1911.88205998104
      From worker 5:	Fork created at time 1507.2101172484734
      From worker 3:	Fork created at time 1644.3584869195915
      From worker 3:	Cell divided at 1647.1949108434776
      From worker 4:	Cell divided at 2232.646316822289
      From worker 5:	Cell divided at 1518.7531482266847
      From worker 4:	Fork created at time 2283.940169199544
      From worker 2:	Fork created at time 1970.4171503339132
      From worker 2:	Cell divided at 1971.8810599849219
      From worker 3:	Fork created at time 1702.5872252337822
      From worker 3:	Cell divided at 1704.3574869427814
      From worker 5:	Fork created at time 1558.825344207849
      From worker 5:	Cell divided at 1567.2091172607936
      From worker 4:	Cell divided at 2343.939169202953
      From worker 3:	Cell divided at 1762.5862252803388
      From worker 3:	Fork created at time 1762.5862252974957
      From worker 4:	Fork created at time 2369.3282838003634
      From worker 2:	Fork created at time 2028.1605985899837
      From worker 2:	Cell divided at 2030.4161503455884
      From worker 5:	Fork created at time 1618.455609940292
      From worker 5:	Cell divided at 1618.8243442180324
      From worker 3:	Fork created at time 1809.5992040266522
      From worker 4:	Cell divided at 2429.3272838136086
      From worker 3:	Cell divided at 1822.5852253360526
      From worker 5:	Cell divided at 1678.454609953777
      From worker 2:	Cell divided at 2088.159598594466
      From worker 5:	Fork created at time 1680.9524427249476
      From worker 2:	Fork created at time 2090.7713150490326
      From worker 4:	Fork created at time 2468.526526728135
      From worker 3:	Fork created at time 1849.9808369161665
      From worker 3:	Cell divided at 1869.5982040338329
      From worker 2:	Cell divided at 2150.770315068672
      From worker 5:	Fork created at time 1739.684318456773
      From worker 5:	Cell divided at 1740.9514427267068
      From worker 2:	Fork created at time 2161.9209446918917
      From worker 4:	Cell divided at 2528.5255267302537
      From worker 3:	Fork created at time 1891.5355478161068
      From worker 4:	Fork created at time 2558.2381543780516
      From worker 2:	Cell divided at 2221.9199446988882
      From worker 5:	Fork created at time 1790.7553206452712
      From worker 3:	Cell divided at 1909.9798369168059
      From worker 2:	Fork created at time 2246.8910847022844
      From worker 5:	Cell divided at 1799.6833184610114
      From worker 3:	Fork created at time 1924.560707973067
      From worker 4:	Cell divided at 2618.237154383773
      From worker 4:	Fork created at time 2624.3188555935626
      From worker 2:	Cell divided at 2306.8900847026575
      From worker 5:	Fork created at time 1840.6608021399313
      From worker 2:	Fork created at time 2327.5577272921305
      From worker 5:	Cell divided at 1850.7543206617083
      From worker 3:	Cell divided at 1951.534547822463
      From worker 3:	Fork created at time 1956.190804509831
      From worker 4:	Cell divided at 2684.317855600996
      From worker 2:	Cell divided at 2387.5567272953804
      From worker 4:	Fork created at time 2700.7486282155396
      From worker 2:	Fork created at time 2404.8095077066
      From worker 5:	Fork created at time 1894.0774815899713
      From worker 5:	Cell divided at 1900.659802142529
      From worker 3:	Cell divided at 1984.5597079750364
      From worker 3:	Fork created at time 1993.188531266729
      From worker 4:	Cell divided at 2760.7476282374205
      From worker 5:	Cell divided at 1954.0764816206633
      From worker 2:	Cell divided at 2464.8085077234446
      From worker 4:	Fork created at time 2776.997378712255
      From worker 5:	Fork created at time 1966.1140477006375
      From worker 2:	Fork created at time 2468.4104888021675
      From worker 3:	Cell divided at 2016.1898045160262
      From worker 5:	Cell divided at 2026.1130477140682
      From worker 3:	Fork created at time 2033.883008836107
      From worker 5:	Fork created at time 2048.0109529496817
      From worker 4:	Cell divided at 2836.9963787137794
      From worker 2:	Cell divided at 2528.4094888171503
      From worker 2:	Fork created at time 2528.477079658713
      From worker 4:	Fork created at time 2872.795025828069
      From worker 3:	Cell divided at 2053.1875312718394
      From worker 3:	Fork created at time 2073.707944338795
      From worker 5:	Cell divided at 2108.009952969171
      From worker 5:	Fork created at time 2111.762304105882
      From worker 2:	Cell divided at 2588.476079683686
      From worker 4:	Cell divided at 2932.794025832532
      From worker 2:	Fork created at time 2602.5181931455345
      From worker 4:	Fork created at time 2972.2095856886544
      From worker 3:	Cell divided at 2093.8820088422003
      From worker 2:	Cell divided at 2662.517193146491
      From worker 5:	Cell divided at 2171.761304122143
      From worker 5:	Fork created at time 2171.7613041289087
      From worker 3:	Fork created at time 2114.3061937738516
      From worker 2:	Fork created at time 2702.52964716822
      From worker 4:	Cell divided at 3032.208585690472
      From worker 3:	Cell divided at 2133.706944339911
      From worker 2:	Cell divided at 2762.528647173318
      From worker 5:	Cell divided at 2231.7603041353386
      From worker 5:	Fork created at time 2231.760304137949
      From worker 4:	Fork created at time 3055.6111588092285
      From worker 3:	Fork created at time 2156.424361633394
      From worker 2:	Fork created at time 2836.057072523806
      From worker 3:	Cell divided at 2174.305193776967
      From worker 5:	Cell divided at 2291.7593041404134
      From worker 5:	Fork created at time 2294.3104040340704
      From worker 4:	Cell divided at 3115.6101588184056
      From worker 2:	Cell divided at 2896.0560725243954
      From worker 4:	Fork created at time 3154.2102473622954
      From worker 3:	Fork created at time 2204.569837774874
      From worker 2:	Fork created at time 2910.375396965022
      From worker 5:	Cell divided at 2354.3094040522756
      From worker 3:	Cell divided at 2216.423361636577
      From worker 5:	Fork created at time 2371.8480258522095
      From worker 4:	Cell divided at 3214.2092473680113
      From worker 2:	Cell divided at 2970.374396976327
      From worker 3:	Fork created at time 2253.9359385042144
      From worker 2:	Fork created at time 2982.5895415692644
      From worker 4:	Fork created at time 3275.647061894063
      From worker 3:	Cell divided at 2264.568837796365
      From worker 5:	Fork created at time 2429.90120793505
      From worker 5:	Cell divided at 2431.8470258708508
      From worker 2:	Cell divided at 3042.5885415872604
      From worker 3:	Fork created at time 2296.5152842818607
      From worker 4:	Cell divided at 3335.646061915586
      From worker 2:	Fork created at time 3057.4463202811503
      From worker 4:	Fork created at time 3372.7045537778513
      From worker 5:	Fork created at time 2481.359650045683
      From worker 3:	Cell divided at 2313.934938510767
      From worker 5:	Cell divided at 2489.900207938799
      From worker 2:	Cell divided at 3117.4453203522035
      From worker 3:	Fork created at time 2334.987023617608
      From worker 4:	Cell divided at 3432.703553780762
      From worker 2:	Fork created at time 3143.7249077076813
      From worker 4:	Fork created at time 3492.8965972586184
      From worker 5:	Fork created at time 2538.975864753721
      From worker 5:	Cell divided at 2541.3586500462907
      From worker 3:	Cell divided at 2356.514284287133
      From worker 2:	Cell divided at 3203.723907727631
      From worker 2:	Fork created at time 3208.45715158326
      From worker 4:	Cell divided at 3552.8955973275697
      From worker 3:	Fork created at time 2373.8875325728172
      From worker 4:	Fork created at time 3587.6749834507536
      From worker 5:	Cell divided at 2598.9748647655138
      From worker 5:	Fork created at time 2603.092563722221
      From worker 2:	Cell divided at 3268.456151589393
      From worker 2:	Fork created at time 3288.2210210745825
      From worker 3:	Cell divided at 2394.986023618276
      From worker 4:	Cell divided at 3647.6739834537248
      From worker 3:	Fork created at time 2415.7071328274246
      From worker 5:	Fork created at time 2660.7153756938883
      From worker 5:	Cell divided at 2663.0915637287294
      From worker 2:	Cell divided at 3348.220021085249
      From worker 4:	Fork created at time 3682.726766718679
      From worker 2:	Fork created at time 3365.545617473879
      From worker 3:	Cell divided at 2433.886532582977
      From worker 3:	Fork created at time 2468.5064211986414
      From worker 5:	Fork created at time 2711.9194907724723
      From worker 2:	Cell divided at 3425.5446174855424
      From worker 3:	Cell divided at 2475.7061328315594
      From worker 4:	Cell divided at 3742.7257667200056
      From worker 5:	Cell divided at 2720.714375705111
      From worker 2:	Fork created at time 3455.11429587252
      From worker 4:	Fork created at time 3770.857377415043
      From worker 3:	Fork created at time 2516.8943199654464
      From worker 5:	Fork created at time 2759.53432896187
      From worker 3:	Cell divided at 2528.5054212007585
      From worker 2:	Cell divided at 3515.1132958897388
      From worker 2:	Fork created at time 3541.30597245292
      From worker 5:	Cell divided at 2771.918490775187
      From worker 4:	Cell divided at 3830.8563774206677
      From worker 3:	Fork created at time 2568.453409820632
      From worker 4:	Fork created at time 3844.2625208990507
      From worker 3:	Cell divided at 2576.8933199755493
      From worker 2:	Cell divided at 3601.3049725137203
      From worker 5:	Fork created at time 2812.803623333126
      From worker 2:	Fork created at time 3616.4867067117443
      From worker 5:	Cell divided at 2819.5333289733953
      From worker 3:	Fork created at time 2608.8460868208326
      From worker 4:	Cell divided at 3904.261520908433
      From worker 4:	Fork created at time 3918.33734116462
      From worker 3:	Cell divided at 2628.452409824636
      From worker 2:	Cell divided at 3676.48570671753
      From worker 5:	Fork created at time 2868.633219319501
      From worker 2:	Fork created at time 3686.6069113025314
      From worker 5:	Cell divided at 2872.802623357642
      From worker 3:	Fork created at time 2649.776818322321
      From worker 3:	Cell divided at 2668.8450868213595
      From worker 4:	Cell divided at 3978.3363411672626
      From worker 5:	Cell divided at 2928.632219330151
      From worker 5:	Fork created at time 2928.6322193356496
      From worker 4:	Fork created at time 3985.0535966801945
      From worker 2:	Cell divided at 3746.605911311653
      From worker 3:	Fork created at time 2690.344602716228
      From worker 2:	Fork created at time 3754.6628393227115
      From worker 3:	Cell divided at 2709.7758183331644
      From worker 5:	Fork created at time 2985.0694259357256
      From worker 5:	Cell divided at 2988.6312193404897
      From worker 3:	Fork created at time 2742.1897442028285
      From worker 2:	Cell divided at 3814.661839328701
      From worker 4:	Cell divided at 4045.0525967130134
      From worker 3:	Cell divided at 2750.3436027165208
      From worker 2:	Fork created at time 3819.137665490596
      From worker 4:	Fork created at time 4059.293933471896
      From worker 5:	Cell divided at 3045.068425954038
      From worker 5:	Fork created at time 3055.6272430752742
      From worker 3:	Fork created at time 2790.988653337316
      From worker 2:	Cell divided at 3879.1366654963713
      From worker 3:	Cell divided at 2802.1887442071456
      From worker 2:	Fork created at time 3888.65608741583
      From worker 4:	Cell divided at 4119.292933475705
      From worker 3:	Fork created at time 2830.460650753559
      From worker 4:	Fork created at time 4130.3582892324475
      From worker 5:	Cell divided at 3115.626243080173
      From worker 5:	Fork created at time 3122.600890917227
      From worker 2:	Cell divided at 3948.6550874254344
      From worker 2:	Fork created at time 3989.063034623482
      From worker 3:	Cell divided at 2850.9876533505358
      From worker 2:	Cell divided at 4049.0620346250967
      From worker 5:	Fork created at time 3182.337852655319
      From worker 5:	Cell divided at 3182.599890946425
      From worker 3:	Fork created at time 2868.7510096501655
      From worker 4:	Cell divided at 4190.357289232456
      From worker 2:	Fork created at time 4089.693433043382
      From worker 4:	Fork created at time 4212.058905590607
      From worker 5:	Cell divided at 3242.3368526819163
      From worker 3:	Cell divided at 2890.4596507597284
      From worker 5:	Fork created at time 3257.8885439029555
      From worker 2:	Cell divided at 4149.692433046135
      From worker 2:	Fork created at time 4176.515023123786
      From worker 3:	Fork created at time 2903.4464371868826
      From worker 4:	Cell divided at 4272.057905593178
      From worker 4:	Fork created at time 4297.9985522311445
      From worker 5:	Cell divided at 3317.887543922025
      From worker 5:	Fork created at time 3321.5341779266405
      From worker 2:	Cell divided at 4236.514023137573
      From worker 3:	Cell divided at 2928.7500096532726
      From worker 2:	Fork created at time 4250.363010397875
      From worker 3:	Fork created at time 2938.9175968678246
      From worker 4:	Cell divided at 4357.997552234034
      From worker 5:	Cell divided at 3381.5331779373687
      From worker 4:	Fork created at time 4379.572396075796
      From worker 5:	Fork created at time 3399.112298188262
      From worker 2:	Cell divided at 4310.362010410142
      From worker 2:	Fork created at time 4317.899038024556
      From worker 3:	Cell divided at 2963.4454371886645
      From worker 4:	Cell divided at 4439.571396091316
      From worker 5:	Cell divided at 3459.111298188987
      From worker 3:	Fork created at time 2983.1720290759336
      From worker 5:	Fork created at time 3485.068578185606
      From worker 4:	Fork created at time 4464.3279508303995
      From worker 3:	Cell divided at 2998.9165968730545
      From worker 2:	Cell divided at 4377.8980380307585
      From worker 2:	Fork created at time 4384.033632584864
      From worker 5:	Cell divided at 3545.0675781937484
      From worker 3:	Fork created at time 3024.988472758762
      From worker 5:	Fork created at time 3552.526943526327
      From worker 4:	Cell divided at 4524.326950832114
      From worker 4:	Fork created at time 4562.298049621249
      From worker 3:	Cell divided at 3043.171029086628
      From worker 5:	Cell divided at 3612.525943530496
      From worker 2:	Fork created at time 4434.976733264402
      From worker 5:	Fork created at time 3621.3657879562356
      From worker 3:	Fork created at time 3064.7441027698073
      From worker 2:	Cell divided at 4444.03263261685
      From worker 4:	Cell divided at 4622.297049646869
      From worker 3:	Cell divided at 3084.9874727600036
      From worker 5:	Cell divided at 3681.3647879876817
      From worker 4:	Fork created at time 4650.127734811007
      From worker 5:	Fork created at time 3699.758264032088
      From worker 3:	Fork created at time 3105.190549111995
      From worker 2:	Fork created at time 4482.536542245307
      From worker 2:	Cell divided at 4494.975733269499
      From worker 3:	Cell divided at 3124.743102775205
      From worker 4:	Cell divided at 4710.12673481478
      From worker 5:	Cell divided at 3759.7572640506532
      From worker 5:	Fork created at time 3760.8085560870327
      From worker 3:	Fork created at time 3141.5725626925714
      From worker 4:	Fork created at time 4732.370354532655
      From worker 2:	Fork created at time 4532.942159316529
      From worker 5:	Cell divided at 3820.8075560889847
      From worker 5:	Fork created at time 3822.5136864295478
      From worker 3:	Cell divided at 3165.189549116086
      From worker 2:	Cell divided at 4542.535542250232
      From worker 4:	Cell divided at 4792.369354538816
      From worker 3:	Fork created at time 3176.7919796032743
      From worker 4:	Fork created at time 4818.546622230021
      From worker 5:	Fork created at time 3872.749365789511
      From worker 3:	Cell divided at 3201.5715626955775
      From worker 4:	Cell divided at 4878.545622264332
      From worker 2:	Fork created at time 4583.612523477243
      From worker 5:	Cell divided at 3882.51268643163
      From worker 3:	Fork created at time 3218.956722793222
      From worker 2:	Cell divided at 4592.941159326525
      From worker 4:	Fork created at time 4940.657347720926
      From worker 3:	Cell divided at 3236.7909796083686
      From worker 5:	Fork created at time 3913.9946361231605
      From worker 4:	Cell divided at 5000.656347793378
      From worker 3:	Fork created at time 3260.979755183257
      From worker 4:	Fork created at time 5061.749288069097
      From worker 2:	Fork created at time 4640.303429903144
      From worker 2:	Cell divided at 4643.611523504834
      From worker 5:	Cell divided at 3932.7483657943326
      From worker 3:	Cell divided at 3278.9557228076096
      From worker 4:	Cell divided at 5121.74828807427
      From worker 5:	Fork created at time 3956.07183066396
      From worker 3:	Fork created at time 3298.476313031748
      From worker 4:	Fork created at time 5208.787056556833
      From worker 2:	Fork created at time 4693.194934128657
      From worker 5:	Cell divided at 3973.9936361282857
      From worker 2:	Cell divided at 4700.302429910665
      From worker 4:	Cell divided at 5268.786056560091
      From worker 3:	Cell divided at 3320.978755185292
      From worker 5:	Fork created at time 4007.909204226966
      From worker 3:	Fork created at time 3334.6350461915513
      From worker 4:	Fork created at time 5330.128006985135
      From worker 5:	Cell divided at 4016.0708306742436
      From worker 2:	Cell divided at 4753.193934130741
      From worker 2:	Fork created at time 4753.193934161576
      From worker 4:	Cell divided at 5390.1270070206565
      From worker 3:	Cell divided at 3358.4753130318186
      From worker 5:	Cell divided at 4067.908204236789
      From worker 5:	Fork created at time 4069.5632898400763
      From worker 4:	Fork created at time 5464.000735557657
      From worker 3:	Fork created at time 3370.208791413652
      From worker 2:	Cell divided at 4813.192934161607
      From worker 2:	Fork created at time 4827.2058656779145
      From worker 4:	Cell divided at 5523.99973556419
      From worker 5:	Cell divided at 4129.562289844854
      From worker 5:	Fork created at time 4129.56228985533
      From worker 3:	Cell divided at 3394.6340461921786
      From worker 4:	Fork created at time 5600.941993778503
      From worker 3:	Fork created at time 3401.529608589923
      From worker 2:	Cell divided at 4887.204865688151
      From worker 2:	Fork created at time 4899.867809051677
      From worker 5:	Cell divided at 4189.561289856548
      From worker 4:	Cell divided at 5660.940993792422
      From worker 5:	Fork created at time 4197.364491579099
      From worker 4:	Fork created at time 5749.219116230115
      From worker 3:	Cell divided at 3430.2077914189076
      From worker 3:	Fork created at time 3442.1133025817753
      From worker 4:	Cell divided at 5809.21811623678
      From worker 5:	Fork created at time 4256.5104796684955
      From worker 5:	Cell divided at 4257.3634915885905
      From worker 2:	Cell divided at 4959.866809058013
      From worker 2:	Fork created at time 4960.387274116659
      From worker 3:	Cell divided at 3461.528608592219
      From worker 4:	Fork created at time 5895.987931965021
      From worker 3:	Fork created at time 3483.756115508745
      From worker 4:	Cell divided at 5955.9869319815125
      From worker 5:	Fork created at time 4306.8056925023475
      From worker 2:	Cell divided at 5020.386274128699
      From worker 2:	Fork created at time 5020.386274130266
      From worker 3:	Cell divided at 3502.1123025840798
      From worker 5:	Cell divided at 4316.509479670206
      From worker 4:	Fork created at time 6027.393909875537
      From worker 3:	Fork created at time 3530.87965064856
      From worker 4:	Cell divided at 6087.392909887891
      From worker 3:	Cell divided at 3543.755115509501
      From worker 5:	Fork created at time 4356.199683786643
      From worker 2:	Cell divided at 5080.385274151573
      From worker 2:	Fork created at time 5080.385274171723
      From worker 5:	Cell divided at 4366.804692502666
      From worker 4:	Fork created at time 6130.431250354331
      From worker 3:	Fork created at time 3575.5836949148174
      From worker 5:	Fork created at time 4405.103309314292
      From worker 3:	Cell divided at 3590.87865065404
      From worker 2:	Cell divided at 5140.384274175241
      From worker 2:	Fork created at time 5140.749423024314
      From worker 5:	Cell divided at 4416.198683791844
      From worker 4:	Cell divided at 6190.430250354356
      From worker 4:	Fork created at time 6204.406140779626
      From worker 3:	Fork created at time 3615.40100935825
      From worker 5:	Fork created at time 4463.112190726695
      From worker 2:	Cell divided at 5200.7484230458285
      From worker 5:	Cell divided at 4465.102309322688
      From worker 3:	Cell divided at 3635.5826949232187
      From worker 2:	Fork created at time 5213.9920580989055
      From worker 3:	Fork created at time 3656.9405339356454
      From worker 4:	Cell divided at 6264.405140781573
      From worker 4:	Fork created at time 6272.79450781886
      From worker 5:	Cell divided at 4523.111190738362
      From worker 5:	Fork created at time 4523.111190738628
      From worker 3:	Cell divided at 3675.4000093605964
      From worker 2:	Cell divided at 5273.991058119077
      From worker 2:	Fork created at time 5275.420915832805
      From worker 3:	Fork created at time 3694.8444312413826
      From worker 4:	Cell divided at 6332.793507821998
      From worker 5:	Fork created at time 4582.434255193315
      From worker 5:	Cell divided at 4583.110190742625
      From worker 4:	Fork created at time 6361.795649691046
      From worker 3:	Cell divided at 3716.939533941135
      From worker 2:	Cell divided at 5335.4199158364945
      From worker 2:	Fork created at time 5344.290757119634
      From worker 3:	Fork created at time 3740.1445810904333
      From worker 5:	Fork created at time 4637.1831806130585
      From worker 4:	Cell divided at 6421.794649696506
      From worker 5:	Cell divided at 4642.433255208472
      From worker 3:	Cell divided at 3754.8434312439213
      From worker 4:	Fork created at time 6466.189922458172
      From worker 2:	Cell divided at 5404.289757128545
      From worker 2:	Fork created at time 5406.796591138962
      From worker 3:	Fork created at time 3787.085020571388
      From worker 5:	Fork created at time 4690.543547865811
      From worker 5:	Cell divided at 4697.182180613572
      From worker 4:	Cell divided at 6526.188922484509
      From worker 3:	Cell divided at 3800.1435811097203
      From worker 4:	Fork created at time 6577.847328228034
      From worker 2:	Cell divided at 5466.795591152348
      From worker 2:	Fork created at time 5468.9459877337695
      From worker 3:	Fork created at time 3842.866430341718
      From worker 3:	Cell divided at 3847.0840205777235
      From worker 5:	Cell divided at 4750.542547869281
      From worker 5:	Fork created at time 4753.976978744198
      From worker 4:	Cell divided at 6637.8463282326675
      From worker 4:	Fork created at time 6706.724151008807
      From worker 3:	Fork created at time 3897.03006859946
      From worker 3:	Cell divided at 3902.865430366625
      From worker 2:	Cell divided at 5528.944987740858
      From worker 2:	Fork created at time 5528.9449877440375
      From worker 5:	Cell divided at 4813.9759787455805
      From worker 5:	Fork created at time 4813.975978763208
      From worker 4:	Cell divided at 6766.723151036708
      From worker 3:	Fork created at time 3949.3671476266145
      From worker 4:	Fork created at time 6830.473567309473
      From worker 3:	Cell divided at 3957.02906859985
      From worker 5:	Cell divided at 4873.974978780296
      From worker 5:	Fork created at time 4878.036085104355
      From worker 2:	Cell divided at 5588.943987744226
      From worker 2:	Fork created at time 5589.966382538376
      From worker 4:	Cell divided at 6890.472567326744
      From worker 3:	Fork created at time 3989.783819574798
      From worker 4:	Fork created at time 6950.916007483223
      From worker 5:	Cell divided at 4938.03508510945
      From worker 5:	Fork created at time 4948.730376696974
      From worker 3:	Cell divided at 4009.3661476280035
      From worker 2:	Cell divided at 5649.965382581057
      From worker 4:	Cell divided at 7010.915007505516
      From worker 2:	Fork created at time 5659.597218717634
      From worker 3:	Fork created at time 4029.9904448732154
      From worker 4:	Fork created at time 7069.435638525382
      From worker 5:	Cell divided at 5008.729376700814
      From worker 5:	Fork created at time 5015.145876314569
      From worker 3:	Cell divided at 4049.782819577382
      From worker 4:	Cell divided at 7129.4346385559475
      From worker 2:	Cell divided at 5719.596218742118
      From worker 2:	Fork created at time 5719.596218742312
      From worker 3:	Fork created at time 4073.4901156708756
      From worker 4:	Fork created at time 7173.2358902121005
      From worker 5:	Fork created at time 5065.197482648313
      From worker 3:	Cell divided at 4089.9894448850355
      From worker 5:	Cell divided at 5075.144876335479
      From worker 2:	Fork created at time 5776.848354785773
      From worker 2:	Cell divided at 5779.595218751857
      From worker 4:	Cell divided at 7233.234890230372
      From worker 3:	Fork created at time 4116.428098548064
      From worker 4:	Fork created at time 7263.4700667653215
      From worker 5:	Fork created at time 5110.77889767057
      From worker 3:	Cell divided at 4133.489115700236
      From worker 5:	Cell divided at 5125.196482652279
      From worker 3:	Cell divided at 4176.427098550327
      From worker 3:	Fork created at time 4181.616329687758
      From worker 2:	Cell divided at 5836.847354787579
      From worker 2:	Fork created at time 5836.847354796832
      From worker 4:	Cell divided at 7323.469066773262
      From worker 4:	Fork created at time 7357.85361099548
      From worker 5:	Fork created at time 5155.13829137086
      From worker 3:	Cell divided at 4241.615329690265
      From worker 3:	Fork created at time 4242.391284032132
      From worker 5:	Cell divided at 5170.777897683463
      From worker 2:	Fork created at time 5894.066887554841
      From worker 2:	Cell divided at 5896.846354810063
      From worker 4:	Cell divided at 7417.852611019125
      From worker 3:	Fork created at time 4301.290318959489
      From worker 3:	Cell divided at 4302.3902840546225
      From worker 4:	Fork created at time 7455.43832208438
      From worker 5:	Fork created at time 5212.099064196545
      From worker 5:	Cell divided at 5215.137291373171
      From worker 2:	Cell divided at 5954.065887555495
      From worker 2:	Fork created at time 5981.874380067467
      From worker 3:	Fork created at time 4354.377150611011
      From worker 3:	Cell divided at 4361.289318959704
      From worker 4:	Cell divided at 7515.437322101983
      From worker 5:	Cell divided at 5272.0980641998985
      From worker 2:	Cell divided at 6041.873380069464
      From worker 5:	Fork created at time 5280.059500040171
      From worker 4:	Fork created at time 7551.131257185712
      From worker 2:	Fork created at time 6077.916825793083
      From worker 3:	Fork created at time 4402.5070103116705
      From worker 3:	Cell divided at 4414.376150612808
      From worker 2:	Cell divided at 6137.915825795103
      From worker 5:	Cell divided at 5340.058500059507
      From worker 5:	Fork created at time 5341.093707743723
      From worker 4:	Cell divided at 7611.130257214058
      From worker 2:	Fork created at time 6158.123411744948
      From worker 3:	Fork created at time 4447.950856571668
      From worker 4:	Fork created at time 7643.984449229766
      From worker 3:	Cell divided at 4462.506010311685
      From worker 5:	Cell divided at 5401.092707750157
      From worker 2:	Cell divided at 6218.12241175729
      From worker 5:	Fork created at time 5413.766169135276
      From worker 2:	Fork created at time 6236.312280934063
      From worker 3:	Fork created at time 4496.949599953506
      From worker 4:	Cell divided at 7703.983449241192
      From worker 3:	Cell divided at 4507.949856574988
      From worker 4:	Fork created at time 7733.013083775751
      From worker 5:	Cell divided at 5473.765169147717
      From worker 5:	Fork created at time 5483.724465963121
      From worker 2:	Cell divided at 6296.311280951209
      From worker 2:	Fork created at time 6305.663840750449
      From worker 3:	Fork created at time 4538.023181071181
      From worker 4:	Cell divided at 7793.012083812063
      From worker 3:	Cell divided at 4556.948599954105
      From worker 5:	Fork created at time 5540.257057646323
      From worker 4:	Fork created at time 7820.144485225472
      From worker 5:	Cell divided at 5543.723465975461
      From worker 2:	Cell divided at 6365.662840757768
      From worker 3:	Fork created at time 4581.840099301462
      From worker 2:	Fork created at time 6378.201615476183
      From worker 4:	Cell divided at 7880.143485228055
      From worker 3:	Cell divided at 4598.022181076822
      From worker 5:	Fork created at time 5591.34240656985
      From worker 4:	Fork created at time 7913.349381945485
      From worker 5:	Cell divided at 5600.256057654672
      From worker 2:	Cell divided at 6438.200615497366
      From worker 2:	Fork created at time 6447.026914810223
      From worker 3:	Fork created at time 4631.497204361684
      From worker 3:	Cell divided at 4641.839099302551
      From worker 4:	Cell divided at 7973.348381947385
      From worker 5:	Fork created at time 5640.456627303444
      From worker 2:	Cell divided at 6507.0259148178275
      From worker 3:	Fork created at time 4672.322270040907
      From worker 4:	Fork created at time 8047.483978633595
      From worker 5:	Cell divided at 5651.341406572766
      From worker 2:	Fork created at time 6545.5518765113675
      From worker 4:	Cell divided at 8107.482978664236
      From worker 3:	Cell divided at 4691.496204361875
      From worker 2:	Cell divided at 6605.550876538893
      From worker 5:	Fork created at time 5692.830014609277
      From worker 4:	Fork created at time 8226.068811478257
      From worker 3:	Fork created at time 4709.9808775615475
      From worker 2:	Fork created at time 6651.2903502998315
      From worker 5:	Cell divided at 5700.455627359975
      From worker 4:	Cell divided at 8286.067811506253
      From worker 2:	Cell divided at 6711.289350322936
      From worker 4:	Fork created at time 8421.691745149708
      From worker 3:	Cell divided at 4732.321270043147
      From worker 2:	Fork created at time 6751.753193302198
      From worker 3:	Fork created at time 4737.468371441751
      From worker 5:	Fork created at time 5747.648501932069
      From worker 5:	Cell divided at 5752.829014618638
      From worker 4:	Cell divided at 8481.690745271031
      From worker 2:	Cell divided at 6811.752193391116
      From worker 2:	Fork created at time 6866.45356993811
      From worker 4:	Fork created at time 8580.159193874017
      From worker 5:	Fork created at time 5792.770825791741
      From worker 3:	Cell divided at 4769.979877565925
      From worker 2:	Cell divided at 6926.45256999879
      From worker 3:	Fork created at time 4779.2952699130765
      From worker 4:	Cell divided at 8640.158193881469
      From worker 5:	Cell divided at 5807.647501937372
      From worker 2:	Fork created at time 6961.31356200003
      From worker 3:	Cell divided at 4797.467371461261
      From worker 4:	Fork created at time 8688.411251075944
      From worker 2:	Cell divided at 7021.312562015052
      From worker 5:	Fork created at time 5843.928759984108
      From worker 3:	Fork created at time 4823.980934651407
      From worker 2:	Fork created at time 7056.771607140407
      From worker 5:	Cell divided at 5852.769825800035
      From worker 4:	Cell divided at 8748.410251148132
      From worker 3:	Cell divided at 4839.2942699146815
      From worker 4:	Fork created at time 8785.199392542716
      From worker 3:	Fork created at time 4866.798674736539
      From worker 5:	Fork created at time 5892.170517239785
      From worker 2:	Cell divided at 7116.770607142215
      From worker 4:	Cell divided at 8845.198392570075
      From worker 2:	Fork created at time 7128.499370994524
      From worker 5:	Cell divided at 5903.927759987053
      From worker 3:	Cell divided at 4883.9799346559785
      From worker 4:	Fork created at time 8903.125639916047
      From worker 3:	Fork created at time 4908.591061403
      From worker 5:	Fork created at time 5942.946376490645
      From worker 5:	Cell divided at 5952.1695172511
      From worker 4:	Cell divided at 8963.124639934862
      From worker 2:	Cell divided at 7188.498370995955
      From worker 2:	Fork created at time 7198.56716522729
      From worker 3:	Cell divided at 4926.797674743891
      From worker 4:	Fork created at time 9014.348444999332
      From worker 3:	Fork created at time 4942.551631606712
      From worker 5:	Fork created at time 5992.372791070467
      From worker 4:	Cell divided at 9074.34744500335
      From worker 5:	Cell divided at 6002.94537649571
      From worker 2:	Fork created at time 7250.95811389212
      From worker 4:	Fork created at time 9157.566239168425
      From worker 3:	Cell divided at 4968.590061408545
      From worker 2:	Cell divided at 7258.566165230574
      From worker 3:	Fork created at time 4973.378021924656
      From worker 5:	Fork created at time 6033.552356440688
      From worker 4:	Cell divided at 9217.565239202655
      From worker 4:	Fork created at time 9281.657511724763
      From worker 5:	Cell divided at 6052.37179107336
      From worker 2:	Fork created at time 7301.5060152300675
      From worker 2:	Cell divided at 7310.957113908345
      From worker 3:	Cell divided at 5002.5506316103465
      From worker 3:	Fork created at time 5009.256218631179
      From worker 5:	Fork created at time 6083.649894671686
      From worker 4:	Cell divided at 9341.65651172547
      From worker 5:	Cell divided at 6093.551356443423
      From worker 4:	Fork created at time 9386.466571033463
      From worker 2:	Fork created at time 7360.746757320311
      From worker 2:	Cell divided at 7361.505015248951
      From worker 3:	Cell divided at 5033.377021925581
      From worker 5:	Fork created at time 6135.447399886129
      From worker 3:	Fork created at time 5046.348511213692
      From worker 5:	Cell divided at 6143.64889467455
      From worker 4:	Cell divided at 9446.465571035098
      From worker 4:	Fork created at time 9476.43244176055
      From worker 3:	Cell divided at 5069.255218640295
      From worker 2:	Fork created at time 7413.151715483355
      From worker 2:	Cell divided at 7420.745757321047
      From worker 5:	Fork created at time 6193.391416792484
      From worker 5:	Cell divided at 6195.446399902183
      From worker 3:	Fork created at time 5089.107161038593
      From worker 4:	Cell divided at 9536.431441784127
      From worker 4:	Fork created at time 9565.493329599241
      From worker 3:	Cell divided at 5106.347511217158
      From worker 2:	Fork created at time 7462.157724538444
      From worker 5:	Fork created at time 6253.227574136242
      From worker 5:	Cell divided at 6253.390416822639
      From worker 3:	Fork created at time 5128.349728608765
      From worker 2:	Cell divided at 7473.150715508154
      From worker 4:	Cell divided at 9625.492329634591
      From worker 3:	Cell divided at 5149.106161041075
      From worker 4:	Fork created at time 9664.647675188511
      From worker 5:	Fork created at time 6308.320641179207
      From worker 5:	Cell divided at 6313.226574145662
      From worker 3:	Fork created at time 5178.767620142392
      From worker 2:	Cell divided at 7522.156724545999
      From worker 2:	Fork created at time 7536.857815214611
      From worker 3:	Cell divided at 5188.348728624134
      From worker 4:	Cell divided at 9724.646675215901
      From worker 4:	Fork created at time 9752.88698225794
      From worker 3:	Fork created at time 5230.047839749515
      From worker 2:	Cell divided at 7596.8568152233665
      From worker 5:	Fork created at time 6366.220325544983
      From worker 5:	Cell divided at 6368.319641181537
      From worker 3:	Cell divided at 5238.766620170653
      From worker 2:	Fork created at time 7633.311781156964
      From worker 4:	Cell divided at 9812.885982263935
      From worker 3:	Fork created at time 5275.748327097668
      From worker 4:	Fork created at time 9826.651577337976
      From worker 2:	Cell divided at 7693.310781160105
      From worker 5:	Fork created at time 6412.36122308124
      From worker 2:	Fork created at time 7713.924944301045
      From worker 3:	Cell divided at 5290.046839762641
      From worker 5:	Cell divided at 6426.219325547177
      From worker 3:	Fork created at time 5316.693459155574
      From worker 4:	Cell divided at 9886.650577347733
      From worker 2:	Cell divided at 7773.923944309357
      From worker 4:	Fork created at time 9907.1478236978
      From worker 2:	Fork created at time 7798.404123815145
      From worker 3:	Cell divided at 5335.7473271031495
      From worker 5:	Fork created at time 6463.468126232959
      From worker 5:	Cell divided at 6472.360223083751
      From worker 3:	Fork created at time 5354.341503218608
      From worker 4:	Cell divided at 9967.146823701349
      From worker 2:	Cell divided at 7858.403123824096
      From worker 2:	Fork created at time 7860.640548668712
      From worker 4:	Fork created at time 9996.360230268465
      From worker 5:	Fork created at time 6511.260623933425
      From worker 3:	Cell divided at 5376.692459170454
      From worker 5:	Cell divided at 6523.467126241429
      From worker 3:	Fork created at time 5386.793693938885
      From worker 4:	Cell divided at 10056.359230318076
      From worker 2:	Fork created at time 7917.397860741298
      From worker 5:	Fork created at time 6555.037801467552
      From worker 2:	Cell divided at 7920.639548682678
      From worker 4:	Fork created at time 10096.905764090887
      From worker 3:	Cell divided at 5414.340503219111
      From worker 5:	Cell divided at 6571.259623935638
      From worker 3:	Fork created at time 5424.691103217826
      From worker 4:	Cell divided at 10156.904764100575
      From worker 2:	Fork created at time 7961.070738643579
      From worker 5:	Fork created at time 6601.074233369811
      From worker 4:	Fork created at time 10208.400251707966
      From worker 3:	Cell divided at 5446.792693941201
      From worker 5:	Cell divided at 6615.036801469648
      From worker 2:	Cell divided at 7977.396860741735
      From worker 3:	Fork created at time 5460.515640299264
      From worker 4:	Cell divided at 10268.399251710034
      From worker 4:	Fork created at time 10298.681148934951
      From worker 3:	Cell divided at 5484.690103236907
      From worker 5:	Fork created at time 6654.95923529918
      From worker 2:	Fork created at time 8014.051366691686
      From worker 5:	Cell divided at 6661.07323337511
      From worker 2:	Cell divided at 8021.069738646659
      From worker 3:	Fork created at time 5509.98111586
      From worker 4:	Cell divided at 10358.680148941277
      From worker 3:	Cell divided at 5520.514640302961
      From worker 4:	Fork created at time 10387.335362474672
      From worker 5:	Cell divided at 6714.958235316291
      From worker 5:	Fork created at time 6722.349010529096
      From worker 3:	Fork created at time 5566.741640310879
      From worker 3:	Cell divided at 5569.980115861269
      From worker 2:	Cell divided at 8074.050366718873
      From worker 2:	Fork created at time 8074.050366721397
      From worker 4:	Cell divided at 10447.334362496986
      From worker 5:	Cell divided at 6782.34801053556
      From worker 4:	Fork created at time 10478.739315118562
      From worker 3:	Fork created at time 5611.511493376045
      From worker 5:	Fork created at time 6798.155264247624
      From worker 2:	Cell divided at 8134.049366725594
      From worker 3:	Cell divided at 5626.740640313842
      From worker 2:	Fork created at time 8136.179163434413
      From worker 4:	Cell divided at 10538.738315129227
      From worker 5:	Cell divided at 6858.154264262184
      From worker 3:	Fork created at time 5649.316823006319
      From worker 5:	Fork created at time 6871.179409218341
      From worker 4:	Fork created at time 10584.562339252563
      From worker 2:	Cell divided at 8196.178163459661
      From worker 3:	Cell divided at 5671.510493380819
      From worker 2:	Fork created at time 8227.061211065671
      From worker 4:	Cell divided at 10644.561339292844
      From worker 5:	Cell divided at 6931.178409221547
      From worker 5:	Fork created at time 6939.119360756248
      From worker 3:	Fork created at time 5690.830815227952
      From worker 4:	Fork created at time 10712.029004326532
      From worker 2:	Cell divided at 8287.06021110148
      From worker 3:	Cell divided at 5709.315823008165
      From worker 2:	Fork created at time 8298.817438523876
      From worker 4:	Cell divided at 10772.028004348638
      From worker 5:	Cell divided at 6999.118360768834
      From worker 5:	Fork created at time 7008.464311621422
      From worker 3:	Fork created at time 5730.22030727508
      From worker 4:	Fork created at time 10854.147651869342
      From worker 3:	Cell divided at 5750.829815245364
      From worker 2:	Cell divided at 8358.816438535545
      From worker 4:	Cell divided at 10914.146651877138
      From worker 5:	Cell divided at 7068.4633116367195
      From worker 2:	Fork created at time 8367.965878044042
      From worker 5:	Fork created at time 7074.2451475129365
      From worker 3:	Fork created at time 5776.914874379476
      From worker 4:	Fork created at time 11009.555023646672
      From worker 3:	Cell divided at 5790.21930733213
      From worker 4:	Cell divided at 11069.554023666478
      From worker 5:	Fork created at time 7130.639316239997
      From worker 2:	Cell divided at 8427.96487806024
      From worker 5:	Cell divided at 7134.244147518538
      From worker 2:	Fork created at time 8433.125262316193
      From worker 3:	Fork created at time 5829.011938069961
      From worker 4:	Fork created at time 11148.692355063858
      From worker 3:	Cell divided at 5836.913874390191
      From worker 4:	Cell divided at 11208.691355093604
      From worker 5:	Fork created at time 7186.643712408028
      From worker 3:	Fork created at time 5872.37842922292
      From worker 5:	Cell divided at 7190.638316253235
      From worker 2:	Fork created at time 8490.535169176563
      From worker 2:	Cell divided at 8493.124262318799
      From worker 3:	Cell divided at 5889.0109380731055
      From worker 4:	Fork created at time 11310.95852632493
      From worker 5:	Cell divided at 7246.642712418894
      From worker 3:	Fork created at time 5914.805007507247
      From worker 5:	Fork created at time 7256.638227690482
      From worker 4:	Cell divided at 11370.957526325843
      From worker 3:	Cell divided at 5932.377429236506
      From worker 2:	Fork created at time 8546.908062543394
      From worker 4:	Fork created at time 11424.046674885863
      From worker 2:	Cell divided at 8550.534169181356
      From worker 5:	Cell divided at 7316.637227717739
      From worker 5:	Fork created at time 7336.413687963563
      From worker 3:	Fork created at time 5964.60095234027
      From worker 3:	Cell divided at 5974.80400751229
      From worker 4:	Cell divided at 11484.045674904908
      From worker 2:	Cell divided at 8606.907062553933
      From worker 2:	Fork created at time 8614.310399903472
      From worker 5:	Cell divided at 7396.412687967132
      From worker 5:	Fork created at time 7408.787215713467
      From worker 4:	Fork created at time 11544.152251330434
      From worker 3:	Fork created at time 6016.407071142021
      From worker 3:	Cell divided at 6024.599952349462
      From worker 5:	Cell divided at 7468.786215733087
      From worker 4:	Cell divided at 11604.15125136861
      From worker 2:	Cell divided at 8674.30939991439
      From worker 5:	Fork created at time 7504.865448127894
      From worker 2:	Fork created at time 8687.016682219255
      From worker 3:	Fork created at time 6068.741829456217
      From worker 4:	Fork created at time 11665.114443067685
      From worker 3:	Cell divided at 6076.406071145453
      From worker 5:	Cell divided at 7564.8644481395595
      From worker 5:	Fork created at time 7575.325601277861
      From worker 2:	Cell divided at 8747.015682224093
      From worker 4:	Cell divided at 11725.113443068618
      From worker 2:	Fork created at time 8771.694174567028
      From worker 3:	Fork created at time 6118.973534759699
      From worker 4:	Fork created at time 11758.953400712024
      From worker 3:	Cell divided at 6128.740829464992
      From worker 5:	Cell divided at 7635.324601279499
      From worker 5:	Fork created at time 7644.007343043043
      From worker 2:	Cell divided at 8831.693174612557
      From worker 2:	Fork created at time 8872.229605726276
      From worker 3:	Fork created at time 6164.723366905638
      From worker 3:	Cell divided at 6178.972534766036
      From worker 4:	Cell divided at 11818.952400726588
      From worker 2:	Cell divided at 8932.228605734526
      From worker 5:	Fork created at time 7698.571361992596
      From worker 4:	Fork created at time 11837.01040157975
      From worker 5:	Cell divided at 7704.0063430462715
      From worker 2:	Fork created at time 8969.82255669324
      From worker 3:	Fork created at time 6221.98446354001
      From worker 3:	Cell divided at 6224.722366920169
      From worker 5:	Fork created at time 7739.979413204344
      From worker 2:	Cell divided at 9029.821556708343
      From worker 4:	Cell divided at 11897.009401583131
      From worker 3:	Fork created at time 6265.8393135884335
      From worker 2:	Fork created at time 9053.336049630267
      From worker 4:	Fork created at time 11914.695024904573
      From worker 3:	Cell divided at 6281.983463541215
      From worker 5:	Cell divided at 7758.570362000756
      From worker 2:	Cell divided at 9113.335049667161
      From worker 3:	Fork created at time 6306.103305248625
      From worker 5:	Fork created at time 7779.283145948804
      From worker 2:	Fork created at time 9130.308122211933
      From worker 4:	Cell divided at 11974.694024912524
      From worker 4:	Fork created at time 11982.986400427279
      From worker 3:	Cell divided at 6325.838313592906
      From worker 5:	Cell divided at 7799.978413216119
      From worker 3:	Fork created at time 6342.922622978412
      From worker 2:	Cell divided at 9190.307122216325
      From worker 2:	Fork created at time 9190.307122223465
      From worker 5:	Fork created at time 7822.547680748842
      From worker 4:	Cell divided at 12042.985400435176
      From worker 3:	Cell divided at 6366.102305255274
      From worker 4:	Fork created at time 12064.310967557083
      From worker 5:	Cell divided at 7839.2821459570205
      From worker 2:	Cell divided at 9250.306122229274
      From worker 2:	Fork created at time 9250.30612224836
      From worker 3:	Fork created at time 6387.451984456363
      From worker 3:	Cell divided at 6402.921622981404
      From worker 5:	Fork created at time 7867.117582720042
      From worker 3:	Fork created at time 6433.299835501816
      From worker 2:	Cell divided at 9310.305122296417
      From worker 4:	Cell divided at 12124.309967571406
      From worker 2:	Fork created at time 9315.615105159071
      From worker 5:	Cell divided at 7882.546680749152
      From worker 4:	Fork created at time 12140.693786450447
      From worker 3:	Cell divided at 6447.45098446456
      From worker 5:	Fork created at time 7910.3611259558775
      From worker 3:	Fork created at time 6477.314536538337
      From worker 2:	Cell divided at 9375.614105161992
      From worker 2:	Fork created at time 9375.61410516537
      From worker 3:	Cell divided at 6493.298835502213
      From worker 5:	Cell divided at 7927.116582739087
      From worker 4:	Cell divided at 12200.692786474041
      From worker 4:	Fork created at time 12217.40486382114
      From worker 3:	Fork created at time 6532.715624312495
      From worker 3:	Cell divided at 6537.313536551792
      From worker 2:	Cell divided at 9435.613105178647
      From worker 2:	Fork created at time 9440.173444822081
      From worker 5:	Cell divided at 7970.360125956937
      From worker 5:	Fork created at time 7978.54107272455
      From worker 3:	Fork created at time 6588.168392943268
      From worker 4:	Cell divided at 12277.40386385312
      From worker 3:	Cell divided at 6592.714624323189
      From worker 2:	Cell divided at 9500.172444823269
      From worker 4:	Fork created at time 12312.091919395301
      From worker 2:	Fork created at time 9508.92372078349
      From worker 5:	Fork created at time 8034.979123853371
      From worker 5:	Cell divided at 8038.54007272702
      From worker 3:	Fork created at time 6638.106960039647
      From worker 3:	Cell divided at 6648.167392946598
      From worker 4:	Cell divided at 12372.09091940272
      From worker 5:	Cell divided at 8094.978123868806
      From worker 4:	Fork created at time 12398.414539772319
      From worker 5:	Fork created at time 8117.5380435830875
      From worker 2:	Cell divided at 9568.922720792856
      From worker 2:	Fork created at time 9573.029713754779
      From worker 3:	Fork created at time 6696.254685285736
      From worker 3:	Cell divided at 6698.105960062078
      From worker 5:	Cell divided at 8177.537043600759
      From worker 5:	Fork created at time 8214.650240752904
      From worker 4:	Cell divided at 12458.413539774232
      From worker 3:	Cell divided at 6756.253685287784
      From worker 3:	Fork created at time 6756.253685293245
      From worker 4:	Fork created at time 12501.116681255402
      From worker 2:	Cell divided at 9633.028713784812
      From worker 2:	Fork created at time 9643.0422588638
      From worker 5:	Cell divided at 8274.649240754567
      From worker 5:	Fork created at time 8297.215065694745
      From worker 4:	Cell divided at 12561.115681263216
      From worker 3:	Fork created at time 6801.489755614312
      From worker 2:	Cell divided at 9703.04125886533
      From worker 4:	Fork created at time 12621.068970395618
      From worker 3:	Cell divided at 6816.252685331452
      From worker 2:	Fork created at time 9737.523353740542
      From worker 5:	Cell divided at 8357.21406571057
      From worker 5:	Fork created at time 8365.830998327061
      From worker 4:	Cell divided at 12681.06797039709
      From worker 3:	Fork created at time 6846.915221419015
      From worker 2:	Cell divided at 9797.5223537621
      From worker 2:	Fork created at time 9850.330994313317
      From worker 3:	Cell divided at 6861.488755619572
      From worker 4:	Fork created at time 12765.55843971532
      From worker 5:	Cell divided at 8425.829998349049
      From worker 5:	Fork created at time 8434.937851698773
      From worker 4:	Cell divided at 12825.557439716524
      From worker 3:	Fork created at time 6887.088936625288
      From worker 2:	Cell divided at 9910.329994313906
      From worker 2:	Fork created at time 9942.482490856652
      From worker 4:	Fork created at time 12926.050377830637
      From worker 3:	Cell divided at 6906.914221422008
      From worker 5:	Fork created at time 8492.917761145076
      From worker 5:	Cell divided at 8494.936851699531
      From worker 4:	Cell divided at 12986.049377867292
      From worker 3:	Fork created at time 6933.017441928809
      From worker 2:	Cell divided at 10002.481490866985
      From worker 3:	Cell divided at 6947.08793663165
      From worker 2:	Fork created at time 10027.841361353298
      From worker 4:	Fork created at time 13054.78026133735
      From worker 5:	Cell divided at 8552.91676115149
      From worker 5:	Fork created at time 8561.148932049608
      From worker 3:	Fork created at time 6978.326923008162
      From worker 4:	Cell divided at 13114.77926138348
      From worker 3:	Cell divided at 6993.0164419361545
      From worker 2:	Cell divided at 10087.840361364748
      From worker 2:	Fork created at time 10096.868781583811
      From worker 5:	Cell divided at 8621.147932075315
      From worker 5:	Fork created at time 8636.284067799512
      From worker 4:	Fork created at time 13160.31871982928
      From worker 3:	Fork created at time 7021.284064459152
      From worker 3:	Cell divided at 7038.325923018897
      From worker 5:	Cell divided at 8696.283067811355
      From worker 4:	Cell divided at 13220.317719844554
      From worker 5:	Fork created at time 8711.042900166143
      From worker 2:	Fork created at time 10154.01103572104
      From worker 2:	Cell divided at 10156.867781588371
      From worker 4:	Fork created at time 13262.501836196918
      From worker 3:	Fork created at time 7061.640503145453
      From worker 5:	Cell divided at 8771.041900168124
      From worker 5:	Fork created at time 8774.333965021528
      From worker 3:	Cell divided at 7081.283064463017
      From worker 4:	Cell divided at 13322.500836201496
      From worker 2:	Cell divided at 10214.010035752737
      From worker 2:	Fork created at time 10224.295325346064
      From worker 3:	Fork created at time 7098.8722577568105
      From worker 4:	Fork created at time 13366.08039970282
      From worker 5:	Fork created at time 8829.732479299757
      From worker 5:	Cell divided at 8834.332965033766
      From worker 4:	Cell divided at 13426.079399755854
      From worker 2:	Cell divided at 10284.2943253661
      From worker 2:	Fork created at time 10284.29432537097
      From worker 3:	Cell divided at 7121.639503151683
      From worker 4:	Fork created at time 13486.120261477477
      From worker 3:	Fork created at time 7136.090371119207
      From worker 5:	Fork created at time 8888.000619935232
      From worker 5:	Cell divided at 8889.731479301558
      From worker 4:	Cell divided at 13546.1192614824
      From worker 2:	Cell divided at 10344.293325382996
      From worker 2:	Fork created at time 10348.945256269315
      From worker 3:	Cell divided at 7158.871257758769
      From worker 4:	Fork created at time 13605.515334345719
      From worker 3:	Fork created at time 7170.809229845722
      From worker 5:	Fork created at time 8944.62267875277
      From worker 5:	Cell divided at 8947.999619939254
      From worker 2:	Cell divided at 10408.944256279337
      From worker 2:	Fork created at time 10416.04139212539
      From worker 4:	Cell divided at 13665.51433436997
      From worker 4:	Fork created at time 13702.39042692586
      From worker 3:	Cell divided at 7196.089371127378
      From worker 5:	Cell divided at 9004.62167875435
      From worker 5:	Fork created at time 9010.728080139656
      From worker 3:	Fork created at time 7202.638638965508
      From worker 2:	Fork created at time 10474.068304343495
      From worker 2:	Cell divided at 10476.040392125866
      From worker 4:	Cell divided at 13762.389426931735
      From worker 5:	Cell divided at 9070.727080153672
      From worker 5:	Fork created at time 9081.502243164929
      From worker 4:	Fork created at time 13788.641542743642
      From worker 3:	Cell divided at 7230.808229848646
      From worker 3:	Fork created at time 7237.617738424116
      From worker 2:	Fork created at time 10528.217026269618
      From worker 2:	Cell divided at 10534.067304347207
      From worker 5:	Cell divided at 9141.501243186302
      From worker 5:	Fork created at time 9141.501243230301
      From worker 4:	Cell divided at 13848.6405427506
      From worker 4:	Fork created at time 13871.328417157889
      From worker 3:	Cell divided at 7262.637638966721
      From worker 5:	Fork created at time 9191.29237466876
      From worker 3:	Fork created at time 7279.161553156854
      From worker 2:	Fork created at time 10583.896694834739
      From worker 5:	Cell divided at 9201.500243232265
      From worker 2:	Cell divided at 10588.216026280532
      From worker 4:	Cell divided at 13931.327417171071
      From worker 3:	Cell divided at 7297.61673842508
      From worker 4:	Fork created at time 13952.349288009102
      From worker 3:	Fork created at time 7324.463067461562
      From worker 5:	Fork created at time 9248.954645402982
      From worker 5:	Cell divided at 9251.291374671207
      From worker 2:	Fork created at time 10638.858401239591
      From worker 3:	Cell divided at 7339.160553157065
      From worker 2:	Cell divided at 10643.895694841087
      From worker 4:	Cell divided at 14012.348288016512
      From worker 4:	Fork created at time 14040.092031498232
      From worker 3:	Fork created at time 7373.456261749906
      From worker 5:	Fork created at time 9305.619750051686
      From worker 5:	Cell divided at 9308.95364541607
      From worker 3:	Cell divided at 7384.4620674773105
      From worker 2:	Fork created at time 10692.975098554529
      From worker 2:	Cell divided at 10698.857401242769
      From worker 3:	Fork created at time 7412.172313024108
      From worker 5:	Fork created at time 9355.88465361358
      From worker 4:	Cell divided at 14100.091031510763
      From worker 4:	Fork created at time 14100.091031526425
      From worker 5:	Cell divided at 9365.618750051735
      From worker 3:	Cell divided at 7433.455261753883
      From worker 2:	Fork created at time 10752.911173455836
      From worker 2:	Cell divided at 10752.974098563654
      From worker 3:	Fork created at time 7457.327189465301
      From worker 5:	Fork created at time 9411.161740965537
      From worker 5:	Cell divided at 9415.883653625444
      From worker 4:	Cell divided at 14160.09003153531
      From worker 3:	Cell divided at 7472.171313030786
      From worker 4:	Fork created at time 14171.963094666746
      From worker 2:	Cell divided at 10812.910173465985
      From worker 2:	Fork created at time 10812.910173479011
      From worker 5:	Cell divided at 9471.160741029931
      From worker 3:	Fork created at time 7493.898945511163
      From worker 5:	Fork created at time 9498.797508648475
      From worker 5:	Cell divided at 9558.796508661928
      From worker 4:	Cell divided at 14231.962094681754
      From worker 5:	Fork created at time 9609.907495799209
      From worker 4:	Fork created at time 14261.638826370703
      From worker 3:	Cell divided at 7517.326189468853
      From worker 2:	Fork created at time 10866.881125663731
      From worker 2:	Cell divided at 10872.909173483551
      From worker 3:	Fork created at time 7529.884478413164
      From worker 5:	Cell divided at 9669.90649580998
      From worker 5:	Fork created at time 9679.32902500561
      From worker 4:	Cell divided at 14321.63782638539
      From worker 3:	Cell divided at 7553.897945529955
      From worker 2:	Fork created at time 10914.344796533169
      From worker 4:	Fork created at time 14347.353977773222
      From worker 3:	Fork created at time 7566.251952203237
      From worker 5:	Fork created at time 9739.311545041266
      From worker 5:	Cell divided at 9739.328025017521
      From worker 2:	Cell divided at 10926.880125666414
      From worker 3:	Cell divided at 7589.883478415918
      From worker 4:	Cell divided at 14407.352977776785
      From worker 3:	Fork created at time 7602.170408740225
      From worker 4:	Fork created at time 14429.808117165227
      From worker 5:	Fork created at time 9791.469387601854
      From worker 2:	Fork created at time 10966.07525509819
      From worker 5:	Cell divided at 9799.3105450536
      From worker 2:	Cell divided at 10974.343796541552
      From worker 3:	Cell divided at 7626.250952207799
      From worker 4:	Cell divided at 14489.807117175735
      From worker 3:	Fork created at time 7641.574677553947
      From worker 5:	Fork created at time 9848.397350921858
      From worker 5:	Cell divided at 9851.468387605186
      From worker 4:	Fork created at time 14520.837492933206
      From worker 2:	Fork created at time 11025.893514359004
      From worker 2:	Cell divided at 11026.074255110863
      From worker 3:	Cell divided at 7662.1694087450505
      From worker 3:	Fork created at time 7686.074935542494
      From worker 4:	Cell divided at 14580.83649296939
      From worker 5:	Fork created at time 9905.408107175319
      From worker 5:	Cell divided at 9908.396350936624
      From worker 2:	Cell divided at 11085.892514371862
      From worker 3:	Cell divided at 7701.573677556126
      From worker 2:	Fork created at time 11097.9924830045
      From worker 4:	Fork created at time 14630.789955837809
      From worker 3:	Fork created at time 7733.678678332454
      From worker 4:	Cell divided at 14690.788955883456
      From worker 2:	Cell divided at 11157.991483016764
      From worker 5:	Fork created at time 9954.432870880237
      From worker 3:	Cell divided at 7746.073935544817
      From worker 4:	Fork created at time 14749.071125970018
      From worker 2:	Fork created at time 11196.207723547463
      From worker 5:	Cell divided at 9965.407107185669
      From worker 3:	Fork created at time 7775.2491476727955
      From worker 4:	Cell divided at 14809.070125987006
      From worker 2:	Cell divided at 11256.206723553167
      From worker 5:	Fork created at time 10007.516166899126
      From worker 4:	Fork created at time 14871.951901676872
      From worker 2:	Fork created at time 11280.689736497554
      From worker 3:	Cell divided at 7793.677678336071
      From worker 5:	Cell divided at 10014.431870892877
      From worker 3:	Fork created at time 7809.729502062223
      From worker 2:	Cell divided at 11340.68873652923
      From worker 4:	Cell divided at 14931.950901682338
      From worker 2:	Fork created at time 11358.037822418777
      From worker 5:	Fork created at time 10067.2185498756
      From worker 5:	Cell divided at 10067.515166909094
      From worker 4:	Fork created at time 14962.966806184022
      From worker 3:	Cell divided at 7835.248147675218
      From worker 3:	Fork created at time 7845.983588272973
      From worker 2:	Cell divided at 11418.03682243456
      From worker 2:	Fork created at time 11426.127706893132
      From worker 5:	Fork created at time 10119.108148438805
      From worker 5:	Cell divided at 10127.217549891326
      From worker 4:	Cell divided at 15022.965806195656
      From worker 4:	Fork created at time 15036.168925269001
      From worker 3:	Cell divided at 7869.728502073549
      From worker 2:	Cell divided at 11486.126706916084
      From worker 2:	Fork created at time 11486.126706938114
      From worker 3:	Fork created at time 7890.778131476022
      From worker 5:	Fork created at time 10168.971363132552
      From worker 3:	Cell divided at 7905.982588283197
      From worker 4:	Cell divided at 15096.16792526971
      From worker 5:	Cell divided at 10179.10714844592
      From worker 4:	Fork created at time 15122.736933887656
      From worker 3:	Fork created at time 7937.632182607215
      From worker 2:	Fork created at time 11541.060845327193
      From worker 5:	Fork created at time 10207.817124130233
      From worker 2:	Cell divided at 11546.125706941391
      From worker 3:	Cell divided at 7950.777131486813
      From worker 4:	Cell divided at 15182.73593390083
      From worker 3:	Fork created at time 7974.7485566333835
      From worker 5:	Cell divided at 10228.970363142957
      From worker 4:	Fork created at time 15207.221252174833
      From worker 2:	Fork created at time 11596.936672822749
      From worker 2:	Cell divided at 11601.059845338552
      From worker 5:	Fork created at time 10255.016723095283
      From worker 3:	Cell divided at 7997.631182610323
      From worker 4:	Cell divided at 15267.220252217601
      From worker 5:	Cell divided at 10267.816124131567
      From worker 3:	Fork created at time 8014.8357770077355
      From worker 2:	Cell divided at 11656.93567283089
      From worker 4:	Fork created at time 15308.638608925725
      From worker 2:	Fork created at time 11671.44059634429
      From worker 3:	Cell divided at 8034.747556651151
      From worker 5:	Fork created at time 10306.754190447016
      From worker 5:	Cell divided at 10315.015723098952
      From worker 4:	Cell divided at 15368.637608927327
      From worker 3:	Fork created at time 8055.840138039147
      From worker 2:	Cell divided at 11731.439596345886
      From worker 4:	Fork created at time 15405.048203918586
      From worker 2:	Fork created at time 11745.040621709566
      From worker 3:	Cell divided at 8074.834777010214
      From worker 5:	Cell divided at 10366.753190452364
      From worker 5:	Fork created at time 10366.753190461062
      From worker 3:	Fork created at time 8104.823017171312
      From worker 2:	Cell divided at 11805.039621726564
      From worker 4:	Cell divided at 15465.0472039256
      From worker 3:	Cell divided at 8115.839138041407
      From worker 2:	Fork created at time 11827.568611439321
      From worker 4:	Fork created at time 15487.667641646687
      From worker 5:	Fork created at time 10415.61202795202
      From worker 3:	Fork created at time 8147.865549448254
      From worker 2:	Cell divided at 11887.567611458566
      From worker 5:	Cell divided at 10426.752190503945
      From worker 2:	Fork created at time 11929.481531963544
      From worker 3:	Cell divided at 8164.8220171844805
      From worker 4:	Cell divided at 15547.666641656202
      From worker 4:	Fork created at time 15566.242599071535
      From worker 3:	Fork created at time 8186.545912035872
      From worker 5:	Fork created at time 10465.301481093313
      From worker 2:	Cell divided at 11989.480531965164
      From worker 5:	Cell divided at 10475.611027952536
      From worker 2:	Fork created at time 12022.480777769038
      From worker 3:	Cell divided at 8207.864549453936
      From worker 3:	Fork created at time 8222.792933426585
      From worker 4:	Cell divided at 15626.241599080946
      From worker 5:	Fork created at time 10513.509685493264
      From worker 2:	Cell divided at 12082.479777796283
      From worker 4:	Fork created at time 15649.566942338104
      From worker 5:	Cell divided at 10525.300481102364
      From worker 2:	Fork created at time 12119.984322861332
      From worker 3:	Cell divided at 8246.544912043024
      From worker 3:	Fork created at time 8265.93586346275
      From worker 4:	Cell divided at 15709.565942354086
      From worker 5:	Fork created at time 10567.031117749595
      From worker 5:	Cell divided at 10573.508685494726
      From worker 2:	Cell divided at 12179.983322861359
      From worker 3:	Cell divided at 8282.791933448769
      From worker 4:	Fork created at time 15749.751292652063
      From worker 2:	Fork created at time 12203.924635608906
      From worker 3:	Fork created at time 8318.77207097515
      From worker 5:	Fork created at time 10625.020056989815
      From worker 3:	Cell divided at 8325.934863474975
      From worker 4:	Cell divided at 15809.75029266315
      From worker 5:	Cell divided at 10627.030117750073
      From worker 2:	Cell divided at 12263.923635622546
      From worker 2:	Fork created at time 12271.344298480035
      From worker 4:	Fork created at time 15867.470764836731
      From worker 3:	Fork created at time 8367.184301085603
      From worker 5:	Fork created at time 10673.175553104937
      From worker 4:	Cell divided at 15927.469764850968
      From worker 3:	Cell divided at 8378.77107099093
      From worker 2:	Cell divided at 12331.343298481477
      From worker 5:	Cell divided at 10685.019056991961
      From worker 2:	Fork created at time 12339.541359390896
      From worker 4:	Fork created at time 15995.730444949308
      From worker 3:	Fork created at time 8409.638800447827
      From worker 4:	Cell divided at 16055.729445007191
      From worker 5:	Fork created at time 10720.83317150239
      From worker 3:	Cell divided at 8427.183301092633
      From worker 2:	Cell divided at 12399.540359412811
      From worker 2:	Fork created at time 12412.826424225888
      From worker 5:	Cell divided at 10733.174553105051
      From worker 4:	Fork created at time 16111.432023439347
      From worker 3:	Fork created at time 8446.425428487823
      From worker 4:	Cell divided at 16171.431023447632
      From worker 5:	Fork created at time 10771.82455430127
      From worker 3:	Cell divided at 8469.637800447987
      From worker 2:	Cell divided at 12472.825424238814
      From worker 5:	Cell divided at 10780.832171516551
      From worker 2:	Fork created at time 12480.932452006675
      From worker 4:	Fork created at time 16210.516704873982
      From worker 3:	Fork created at time 8490.481548684893
      From worker 3:	Cell divided at 8506.424428488002
      From worker 5:	Fork created at time 10829.041421876282
      From worker 4:	Cell divided at 16270.515704888525
      From worker 5:	Cell divided at 10831.823554307153
      From worker 4:	Fork created at time 16296.387528174408
      From worker 2:	Cell divided at 12540.931452015853
      From worker 3:	Fork created at time 8540.0423297642
      From worker 2:	Fork created at time 12549.667497105465
      From worker 3:	Cell divided at 8550.480548687237
      From worker 5:	Fork created at time 10885.107872619212
      From worker 5:	Cell divided at 10889.040421883805
      From worker 4:	Cell divided at 16356.38652818279
      From worker 3:	Fork created at time 8593.00398067229
      From worker 3:	Cell divided at 8600.041329776439
      From worker 4:	Fork created at time 16394.101157696983
      From worker 2:	Fork created at time 12601.52857529613
      From worker 2:	Cell divided at 12609.666497108898
      From worker 3:	Fork created at time 8652.856376332926
      From worker 3:	Cell divided at 8653.002980683432
      From worker 5:	Fork created at time 10940.9829040847
      From worker 4:	Cell divided at 16454.100157709177
      From worker 5:	Cell divided at 10945.106872620143
      From worker 4:	Fork created at time 16504.807906969796
      From worker 3:	Cell divided at 8712.855376342835
      From worker 3:	Fork created at time 8712.855376343676
      From worker 2:	Cell divided at 12661.527575308264
      From worker 2:	Fork created at time 12661.527575333275
      From worker 5:	Fork created at time 10986.000829721163
      From worker 4:	Cell divided at 16564.806907004746
      From worker 3:	Fork created at time 8760.065602400766
      From worker 4:	Fork created at time 16589.608237011355
      From worker 5:	Cell divided at 11000.981904085827
      From worker 2:	Cell divided at 12721.52657536077
      From worker 2:	Fork created at time 12731.500534133036
      From worker 3:	Cell divided at 8772.854376343816
      From worker 3:	Fork created at time 8794.591306774477
      From worker 2:	Cell divided at 12791.499534170922
      From worker 5:	Fork created at time 11037.69038955495
      From worker 4:	Cell divided at 16649.607237013504
      From worker 5:	Cell divided at 11045.999829721382
      From worker 2:	Fork created at time 12844.44969627701
      From worker 4:	Fork created at time 16669.493023728468
      From worker 3:	Cell divided at 8820.064602415265
      From worker 2:	Cell divided at 12904.448696298052
      From worker 5:	Cell divided at 11097.68938956322
      From worker 2:	Fork created at time 12990.13647836688
      From worker 3:	Cell divided at 8854.590306776494
      From worker 5:	Fork created at time 11100.605010795387
      From worker 3:	Fork created at time 8860.971613542712
      From worker 4:	Cell divided at 16729.492023743976
      From worker 4:	Fork created at time 16748.472536900877
      From worker 2:	Cell divided at 13050.135478390288
      From worker 3:	Cell divided at 8920.970613546684
      From worker 5:	Cell divided at 11160.604010816383
      From worker 3:	Fork created at time 8926.404311151646
      From worker 5:	Fork created at time 11171.875617332638
      From worker 2:	Fork created at time 13107.17631366972
      From worker 4:	Cell divided at 16808.47153691771
      From worker 5:	Cell divided at 11231.87461733574
      From worker 3:	Cell divided at 8986.403311153941
      From worker 2:	Cell divided at 13167.175313688182
      From worker 3:	Fork created at time 8993.871706449483
      From worker 5:	Fork created at time 11244.469684914531
      From worker 4:	Fork created at time 16832.66899235461
      From worker 2:	Fork created at time 13200.51138098603
      From worker 5:	Cell divided at 11304.468684921285
      From worker 3:	Cell divided at 9053.87070645323
      From worker 3:	Fork created at time 9059.905557940787
      From worker 5:	Fork created at time 11333.129404267429
      From worker 2:	Cell divided at 13260.510380987676
      From worker 2:	Fork created at time 13287.752660560485
      From worker 4:	Cell divided at 16892.667992365692
      From worker 3:	Fork created at time 9117.271077810501
      From worker 4:	Fork created at time 16910.129201227664
      From worker 3:	Cell divided at 9119.904557960997
      From worker 5:	Cell divided at 11393.128404278334
      From worker 5:	Fork created at time 11401.15286977653
      From worker 3:	Fork created at time 9163.400074121268
      From worker 2:	Cell divided at 13347.751660566959
      From worker 2:	Fork created at time 13360.506430658035
      From worker 4:	Cell divided at 16970.12820124649
      From worker 3:	Cell divided at 9177.270077818437
      From worker 4:	Fork created at time 16989.880505183984
      From worker 5:	Fork created at time 11459.1662743655
      From worker 5:	Cell divided at 11461.15186978438
      From worker 3:	Fork created at time 9201.547548901404
      From worker 2:	Cell divided at 13420.50543066304
      From worker 2:	Fork created at time 13425.14016099742
      From worker 4:	Cell divided at 17049.879505201105
      From worker 3:	Cell divided at 9223.399074133662
      From worker 5:	Cell divided at 11519.165274367713
      From worker 5:	Fork created at time 11519.3135519346
      From worker 4:	Fork created at time 17085.93244836995
      From worker 3:	Fork created at time 9244.62433860797
      From worker 2:	Cell divided at 13485.13916100561
      From worker 2:	Fork created at time 13496.49780478096
      From worker 5:	Cell divided at 11579.312551951229
      From worker 4:	Cell divided at 17145.931448370004
      From worker 3:	Cell divided at 9261.546548924473
      From worker 5:	Fork created at time 11588.019983400003
      From worker 4:	Fork created at time 17200.85253275814
      From worker 3:	Fork created at time 9286.859557832011
      From worker 2:	Cell divided at 13556.496804782395
      From worker 2:	Fork created at time 13572.805734106094
      From worker 5:	Cell divided at 11648.01898341651
      From worker 4:	Cell divided at 17260.85153276273
      From worker 5:	Fork created at time 11651.95373802955
      From worker 3:	Cell divided at 9304.623338609557
      From worker 4:	Fork created at time 17331.48954939799
      From worker 2:	Cell divided at 13632.804734131232
      From worker 3:	Fork created at time 9322.552887906357
      From worker 2:	Fork created at time 13659.603305765417
      From worker 5:	Fork created at time 11707.633234546447
      From worker 5:	Cell divided at 11711.952738030568
      From worker 4:	Cell divided at 17391.488549418907
      From worker 2:	Cell divided at 13719.602305783565
      From worker 3:	Cell divided at 9346.858557834765
      From worker 2:	Fork created at time 13765.850794333246
      From worker 4:	Fork created at time 17441.908591510637
      From worker 3:	Fork created at time 9357.580530370378
      From worker 5:	Fork created at time 11756.461815892466
      From worker 2:	Cell divided at 13825.849794340153
      From worker 5:	Cell divided at 11767.632234557881
      From worker 2:	Fork created at time 13872.415081106943
      From worker 4:	Cell divided at 17501.90759152399
      From worker 3:	Cell divided at 9382.551887907865
      From worker 4:	Fork created at time 17534.08450556396
      From worker 3:	Fork created at time 9397.334240310158
      From worker 5:	Fork created at time 11807.666995365817
      From worker 2:	Cell divided at 13932.41408110778
      From worker 5:	Cell divided at 11816.460815893637
      From worker 2:	Fork created at time 13943.022179638147
      From worker 3:	Cell divided at 9417.579530370758
      From worker 4:	Cell divided at 17594.083505576084
      From worker 4:	Fork created at time 17630.753118359185
      From worker 3:	Fork created at time 9445.244373478112
      From worker 5:	Fork created at time 11856.77529378534
      From worker 3:	Cell divided at 9457.333240320415
      From worker 5:	Cell divided at 11867.665995371406
      From worker 4:	Cell divided at 17690.75211838898
      From worker 2:	Fork created at time 13998.38203149508
      From worker 2:	Cell divided at 14003.021179658352
      From worker 3:	Fork created at time 9482.69892106817
      From worker 4:	Fork created at time 17757.874612875923
      From worker 5:	Fork created at time 11907.42935202651
      From worker 4:	Cell divided at 17817.873612885593
      From worker 5:	Cell divided at 11916.774293791144
      From worker 3:	Cell divided at 9505.243373492267
      From worker 2:	Fork created at time 14052.192478291177
      From worker 4:	Fork created at time 17887.30216742404
      From worker 2:	Cell divided at 14058.381031504723
      From worker 3:	Fork created at time 9529.44996616334
      From worker 5:	Fork created at time 11966.08971136003
      From worker 3:	Cell divided at 9542.697921073832
      From worker 5:	Cell divided at 11967.428352048442
      From worker 4:	Cell divided at 17947.301167431433
      From worker 2:	Fork created at time 14108.949029493955
      From worker 4:	Fork created at time 18013.762516486706
      From worker 2:	Cell divided at 14112.191478293717
      From worker 3:	Fork created at time 9577.55463966585
      From worker 5:	Cell divided at 12026.088711365503
      From worker 5:	Fork created at time 12029.663416434209
      From worker 3:	Cell divided at 9589.448966166341
      From worker 4:	Cell divided at 18073.761516493727
      From worker 3:	Fork created at time 9628.378196688112
      From worker 2:	Fork created at time 14158.774921943184
      From worker 4:	Fork created at time 18143.514027218676
      From worker 3:	Cell divided at 9637.553639668888
      From worker 5:	Fork created at time 12086.507696575723
      From worker 5:	Cell divided at 12089.662416452775
      From worker 2:	Cell divided at 14168.948029495825
      From worker 3:	Fork created at time 9674.378416484566
      From worker 4:	Cell divided at 18203.513027232366
      From worker 3:	Cell divided at 9688.37719668932
      From worker 4:	Fork created at time 18249.92969008248
      From worker 5:	Fork created at time 12144.161485955256
      From worker 5:	Cell divided at 12146.506696576549
      From worker 2:	Fork created at time 14211.047538460078
      From worker 3:	Cell divided at 9734.377416486908
      From worker 2:	Cell divided at 14218.773921949616
      From worker 3:	Fork created at time 9741.798447731762
      From worker 4:	Cell divided at 18309.92869008476
      From worker 5:	Fork created at time 12195.69319140903
      From worker 4:	Fork created at time 18348.27737683316
      From worker 3:	Fork created at time 9794.773929190591
      From worker 5:	Cell divided at 12204.160485956329
      From worker 3:	Cell divided at 9801.797447743947
      From worker 2:	Fork created at time 14263.84862542413
      From worker 2:	Cell divided at 14271.046538472601
      From worker 4:	Cell divided at 18408.276376834394
      From worker 3:	Cell divided at 9854.772929192486
      From worker 5:	Fork created at time 12241.27810201113
      From worker 3:	Fork created at time 9860.018950657886
      From worker 4:	Fork created at time 18456.52409056187
      From worker 5:	Cell divided at 12255.692191410699
      From worker 2:	Cell divided at 14323.847625426773
      From worker 2:	Fork created at time 14332.604707805714
      From worker 3:	Fork created at time 9907.258808652767
      From worker 4:	Cell divided at 18516.523090595725
      From worker 3:	Cell divided at 9920.017950659769
      From worker 5:	Fork created at time 12285.126359787671
      From worker 2:	Cell divided at 14392.603707810431
      From worker 4:	Fork created at time 18559.55555748231
      From worker 2:	Fork created at time 14410.717857871583
      From worker 3:	Fork created at time 9946.619827185747
      From worker 5:	Cell divided at 12301.277102012431
      From worker 4:	Cell divided at 18619.554557482774
      From worker 3:	Cell divided at 9967.257808658542
      From worker 2:	Cell divided at 14470.716857879233
      From worker 5:	Fork created at time 12330.27437160173
      From worker 4:	Fork created at time 18666.511097147
      From worker 2:	Fork created at time 14482.706531718288
      From worker 3:	Fork created at time 9990.903277165986
      From worker 5:	Cell divided at 12345.1253598029
      From worker 3:	Cell divided at 10006.618827189432
      From worker 4:	Cell divided at 18726.51009715651
      From worker 2:	Cell divided at 14542.70553172985
      From worker 2:	Fork created at time 14546.515371306961
      From worker 3:	Fork created at time 10035.27114906324
      From worker 5:	Fork created at time 12376.965143294461
      From worker 4:	Fork created at time 18778.01521985817
      From worker 3:	Cell divided at 10050.902277173593
      From worker 5:	Cell divided at 12390.273371617744
      From worker 2:	Cell divided at 14606.514371314774
      From worker 3:	Fork created at time 10077.917347525767
      From worker 2:	Fork created at time 14615.326666161029
      From worker 4:	Cell divided at 18838.014219862125
      From worker 5:	Fork created at time 12434.219477868543
      From worker 5:	Cell divided at 12436.964143295663
      From worker 4:	Fork created at time 18864.025455708615
      From worker 3:	Cell divided at 10095.27014906446
      From worker 3:	Fork created at time 10127.570939507143
      From worker 2:	Cell divided at 14675.325666170922
      From worker 2:	Fork created at time 14675.80941582769
      From worker 5:	Fork created at time 12492.076896278848
      From worker 5:	Cell divided at 12494.218477898623
      From worker 3:	Cell divided at 10137.916347535396
      From worker 4:	Cell divided at 18924.024455722403
      From worker 4:	Fork created at time 18963.653244151792
      From worker 3:	Fork created at time 10180.023965349696
      From worker 2:	Cell divided at 14735.808415833962
      From worker 2:	Fork created at time 14738.73058843584
      From worker 5:	Cell divided at 12552.07589628866
      From worker 5:	Fork created at time 12554.053653561743
      From worker 3:	Cell divided at 10187.569939527975
      From worker 4:	Cell divided at 19023.652244167963
      From worker 4:	Fork created at time 19091.89789622869
      From worker 3:	Fork created at time 10231.324923814409
      From worker 5:	Cell divided at 12614.052653577608
      From worker 2:	Cell divided at 14798.729588447506
      From worker 2:	Fork created at time 14802.405672636052
      From worker 5:	Fork created at time 12626.971282022028
      From worker 3:	Cell divided at 10240.022965354003
      From worker 4:	Cell divided at 19151.896896245195
      From worker 4:	Fork created at time 19227.676789379984
      From worker 3:	Fork created at time 10286.678290712824
      From worker 3:	Cell divided at 10291.323923814993
      From worker 5:	Fork created at time 12684.04853533815
      From worker 5:	Cell divided at 12686.970282023289
      From worker 2:	Fork created at time 14861.17607694247
      From worker 2:	Cell divided at 14862.404672641858
      From worker 4:	Cell divided at 19287.67578939609
      From worker 4:	Fork created at time 19323.19693285587
      From worker 3:	Fork created at time 10333.350324685356
      From worker 5:	Fork created at time 12742.257878766923
      From worker 5:	Cell divided at 12744.047535347441
      From worker 3:	Cell divided at 10346.677290715563
      From worker 2:	Cell divided at 14921.175076943107
      From worker 2:	Fork created at time 14928.837619848631
      From worker 4:	Cell divided at 19383.195932883238
      From worker 3:	Fork created at time 10371.489685732971
      From worker 4:	Fork created at time 19431.148443029208
      From worker 5:	Cell divided at 12802.256878797962
      From worker 5:	Fork created at time 12811.748675767076
      From worker 2:	Cell divided at 14988.836619864369
      From worker 2:	Fork created at time 15017.40324340275
      From worker 3:	Cell divided at 10393.349324694713
      From worker 3:	Fork created at time 10409.178981148418
      From worker 4:	Cell divided at 19491.14744305838
      From worker 5:	Cell divided at 12871.747675787588
      From worker 5:	Fork created at time 12877.515624977603
      From worker 2:	Cell divided at 15077.402243407407
      From worker 4:	Fork created at time 19526.515169426075
      From worker 2:	Fork created at time 15118.530460701937
      From worker 3:	Cell divided at 10431.488685738823
      From worker 5:	Cell divided at 12937.514624980004
      From worker 2:	Cell divided at 15178.529460710259
      From worker 5:	Fork created at time 12950.605069856616
      From worker 3:	Fork created at time 10447.013818436015
      From worker 2:	Fork created at time 15249.589160690948
      From worker 4:	Cell divided at 19586.514169441405
      From worker 4:	Fork created at time 19613.74174054303
      From worker 2:	Cell divided at 15309.588160746018
      From worker 3:	Cell divided at 10469.177981148523
      From worker 5:	Fork created at time 13008.704433539942
      From worker 5:	Cell divided at 13010.60406987476
      From worker 2:	Fork created at time 15372.839120067976
      From worker 3:	Fork created at time 10485.103157571617
      From worker 4:	Cell divided at 19673.74074055116
      From worker 2:	Cell divided at 15432.838120077484
      From worker 3:	Cell divided at 10507.012818444606
      From worker 5:	Fork created at time 13055.156464360898
      From worker 2:	Fork created at time 15474.071069227126
      From worker 4:	Fork created at time 19748.062548722435
      From worker 3:	Fork created at time 10518.0831474517
      From worker 5:	Cell divided at 13068.703433543242
      From worker 4:	Cell divided at 19808.061548742033
      From worker 2:	Cell divided at 15534.07006922917
      From worker 2:	Fork created at time 15584.473341715284
      From worker 3:	Cell divided at 10545.102157581567
      From worker 4:	Fork created at time 19900.488393496013
      From worker 3:	Fork created at time 10562.10862669124
      From worker 5:	Fork created at time 13108.92521735926
      From worker 2:	Cell divided at 15644.472341749122
      From worker 4:	Cell divided at 19960.487393531
      From worker 5:	Cell divided at 13115.155464361296
      From worker 2:	Fork created at time 15684.882399130562
      From worker 3:	Cell divided at 10578.082147452666
      From worker 4:	Fork created at time 20095.77868644534
      From worker 3:	Fork created at time 10604.365367787486
      From worker 2:	Cell divided at 15744.881399130943
      From worker 5:	Fork created at time 13159.017368726047
      From worker 4:	Cell divided at 20155.777686476333
      From worker 5:	Cell divided at 13168.924217359809
      From worker 2:	Fork created at time 15817.37509827772
      From worker 3:	Cell divided at 10622.107626714747
      From worker 4:	Fork created at time 20246.01747593372
      From worker 2:	Cell divided at 15877.374098289181
      From worker 3:	Fork created at time 10646.871160356668
      From worker 5:	Fork created at time 13215.601420107621
      From worker 2:	Fork created at time 15924.645265744979
      From worker 5:	Cell divided at 13219.016368737115
      From worker 4:	Cell divided at 20306.016475943532
      From worker 3:	Cell divided at 10664.364367794207
      From worker 4:	Fork created at time 20372.242942336117
      From worker 3:	Fork created at time 10681.07736916762
      From worker 2:	Cell divided at 15984.64426574676
      From worker 2:	Fork created at time 15987.998174308439
      From worker 5:	Fork created at time 13271.499198247395
      From worker 5:	Cell divided at 13275.600420112145
      From worker 4:	Cell divided at 20432.241942338518
      From worker 3:	Cell divided at 10706.870160380151
      From worker 4:	Fork created at time 20489.66745620031
      From worker 3:	Fork created at time 10722.542952088646
      From worker 2:	Cell divided at 16047.997174308566
      From worker 2:	Fork created at time 16055.190014144655
      From worker 5:	Fork created at time 13319.597918140002
      From worker 3:	Cell divided at 10741.07636917028
      From worker 5:	Cell divided at 13331.498198254912
      From worker 4:	Cell divided at 20549.666456206134
      From worker 2:	Cell divided at 16115.18901415362
      From worker 3:	Fork created at time 10768.52076134828
      From worker 4:	Fork created at time 20584.019019400075
      From worker 2:	Fork created at time 16141.550798966495
      From worker 3:	Cell divided at 10782.541952104435
      From worker 5:	Fork created at time 13368.508878199924
      From worker 5:	Cell divided at 13379.596918147887
      From worker 3:	Fork created at time 10811.601775362122
      From worker 4:	Cell divided at 20644.018019402298
      From worker 2:	Cell divided at 16201.549798976801
      From worker 2:	Fork created at time 16215.460089178163
      From worker 4:	Fork created at time 20675.262471881986
      From worker 3:	Cell divided at 10828.519761363385
      From worker 5:	Fork created at time 13415.575646155312
      From worker 2:	Cell divided at 16275.459089182783
      From worker 3:	Fork created at time 10851.73347865318
      From worker 5:	Cell divided at 13428.507878224704
      From worker 2:	Fork created at time 16305.319555461838
      From worker 4:	Cell divided at 20735.261471882477
      From worker 4:	Fork created at time 20767.164094069696
      From worker 3:	Cell divided at 10871.600775367982
      From worker 5:	Fork created at time 13469.31253792966
      From worker 2:	Cell divided at 16365.318555483653
      From worker 5:	Cell divided at 13475.57464615782
      From worker 2:	Fork created at time 16398.714582578403
      From worker 3:	Fork created at time 10894.39953414529
      From worker 4:	Cell divided at 20827.16309407383
      From worker 5:	Cell divided at 13529.31153795097
      From worker 3:	Cell divided at 10911.732478686792
      From worker 4:	Fork created at time 20843.97298387833
      From worker 5:	Fork created at time 13544.826648121641
      From worker 2:	Cell divided at 16458.7135825879
      From worker 2:	Fork created at time 16488.09904732346
      From worker 3:	Fork created at time 10939.848065280235
      From worker 5:	Cell divided at 13604.825648124497
      From worker 4:	Cell divided at 20903.971983886397
      From worker 5:	Fork created at time 13627.59636692797
      From worker 3:	Cell divided at 10954.398534159207
      From worker 4:	Fork created at time 20958.669992017087
      From worker 2:	Cell divided at 16548.098047368687
      From worker 3:	Fork created at time 10978.05258851248
      From worker 2:	Fork created at time 16562.589531047528
      From worker 4:	Cell divided at 21018.668992045576
      From worker 5:	Cell divided at 13687.595366934627
      From worker 5:	Fork created at time 13691.43321317594
      From worker 3:	Cell divided at 10999.847065280752
      From worker 4:	Fork created at time 21107.87276160231
      From worker 2:	Cell divided at 16622.588531050867
      From worker 2:	Fork created at time 16642.483046693862
      From worker 3:	Fork created at time 11028.681146198829
      From worker 4:	Cell divided at 21167.87176161921
      From worker 3:	Cell divided at 11038.051588512888
      From worker 5:	Fork created at time 13746.86713451192
      From worker 5:	Cell divided at 13751.432213184004
      From worker 4:	Fork created at time 21249.778308074736
      From worker 2:	Cell divided at 16702.48204670593
      From worker 3:	Fork created at time 11072.841830894782
      From worker 2:	Fork created at time 16717.25312772551
      From worker 3:	Cell divided at 11088.680146201463
      From worker 4:	Cell divided at 21309.777308075794
      From worker 5:	Fork created at time 13798.367615280406
      From worker 5:	Cell divided at 13806.866134516546
      From worker 2:	Cell divided at 16777.25212773722
      From worker 3:	Fork created at time 11109.350422569109
      From worker 4:	Fork created at time 21378.307763409408
      From worker 2:	Fork created at time 16828.319941160404
      From worker 4:	Cell divided at 21438.30676341713
      From worker 5:	Fork created at time 13849.958132810829
      From worker 3:	Cell divided at 11132.840830899539
      From worker 2:	Cell divided at 16888.318941166082
      From worker 5:	Cell divided at 13858.366615298024
      From worker 2:	Fork created at time 16915.863085044097
      From worker 3:	Fork created at time 11147.018086705933
      From worker 4:	Fork created at time 21497.156712362885
      From worker 2:	Cell divided at 16975.86208511886
      From worker 5:	Cell divided at 13909.957132840409
      From worker 4:	Cell divided at 21557.155712363496
      From worker 3:	Cell divided at 11169.349422569861
      From worker 5:	Fork created at time 13916.528113755205
      From worker 2:	Fork created at time 16994.613253137755
      From worker 3:	Fork created at time 11180.75329048944
      From worker 4:	Fork created at time 21598.668917159695
      From worker 5:	Cell divided at 13976.527113799668
      From worker 5:	Fork created at time 13984.231939947205
      From worker 2:	Cell divided at 17054.61225314364
      From worker 2:	Fork created at time 17054.612253147712
      From worker 4:	Cell divided at 21658.667917173705
      From worker 3:	Cell divided at 11207.017086708935
      From worker 4:	Fork created at time 21705.464685544564
      From worker 5:	Cell divided at 14044.230939964329
      From worker 3:	Fork created at time 11218.946462165832
      From worker 5:	Fork created at time 14060.697999126542
      From worker 2:	Fork created at time 17114.303526189564
      From worker 2:	Cell divided at 17114.611253148614
      From worker 4:	Cell divided at 21765.463685549345
      From worker 3:	Cell divided at 11240.752290492977
      From worker 5:	Cell divided at 14120.696999128933
      From worker 5:	Fork created at time 14125.258413872552
      From worker 4:	Fork created at time 21809.066793657377
      From worker 3:	Fork created at time 11257.993494893426
      From worker 3:	Cell divided at 11278.945462172334
      From worker 2:	Cell divided at 17174.302526213174
      From worker 2:	Fork created at time 17174.302526233103
      From worker 5:	Cell divided at 14185.257413879228
      From worker 4:	Cell divided at 21869.06579368029
      From worker 5:	Fork created at time 14187.91482300018
      From worker 4:	Fork created at time 21892.202500552088
      From worker 3:	Fork created at time 11302.074305580923
      From worker 3:	Cell divided at 11317.992494894299
      From worker 2:	Fork created at time 17225.882085398407
      From worker 5:	Cell divided at 14247.913823015439
      From worker 5:	Fork created at time 14252.545140110036
      From worker 2:	Cell divided at 17234.301526238927
      From worker 4:	Cell divided at 21952.201500552674
      From worker 3:	Fork created at time 11340.590765269855
      From worker 4:	Fork created at time 21967.925219368484
      From worker 3:	Cell divided at 11362.073305589303
      From worker 5:	Cell divided at 14312.544140117889
      From worker 5:	Fork created at time 14317.189221527975
      From worker 2:	Cell divided at 17285.881085413894
      From worker 2:	Fork created at time 17289.845667811165
      From worker 3:	Fork created at time 11385.503916621583
      From worker 4:	Cell divided at 22027.924219377124
      From worker 3:	Cell divided at 11400.589765273313
      From worker 4:	Fork created at time 22061.26021603451
      From worker 5:	Fork created at time 14369.089984764294
      From worker 5:	Cell divided at 14377.188221534137
      From worker 3:	Fork created at time 11445.041814813301
      From worker 3:	Cell divided at 11445.502916624078
      From worker 2:	Cell divided at 17349.84466782132
      From worker 2:	Fork created at time 17349.844667822268
      From worker 4:	Cell divided at 22121.259216037066
      From worker 4:	Fork created at time 22153.384499621283
      From worker 3:	Fork created at time 11492.509205884055
      From worker 5:	Fork created at time 14420.062881234537
      From worker 5:	Cell divided at 14429.088984769223
      From worker 3:	Cell divided at 11505.04081481488
      From worker 2:	Fork created at time 17409.496746977766
      From worker 2:	Cell divided at 17409.84366787426
      From worker 4:	Cell divided at 22213.383499626423
      From worker 3:	Fork created at time 11530.576250905391
      From worker 4:	Fork created at time 22251.95940448612
      From worker 5:	Fork created at time 14466.80882800253
      From worker 2:	Cell divided at 17469.495746980796
      From worker 2:	Fork created at time 17486.703216761878
      From worker 5:	Cell divided at 14480.061881250236
      From worker 3:	Cell divided at 11552.508205890877
      From worker 3:	Fork created at time 11569.478586685196
      From worker 4:	Cell divided at 22311.95840449105
      From worker 4:	Fork created at time 22321.032657188996
      From worker 5:	Fork created at time 14515.303656809976
      From worker 2:	Cell divided at 17546.702216768164
      From worker 2:	Fork created at time 17551.671198794455
      From worker 5:	Cell divided at 14526.80782801513
      From worker 3:	Cell divided at 11590.575250905596
      From worker 3:	Fork created at time 11610.076725837125
      From worker 4:	Cell divided at 22381.031657189353
      From worker 5:	Fork created at time 14569.452965867278
      From worker 4:	Fork created at time 22395.054570081964
      From worker 5:	Cell divided at 14575.302656814163
      From worker 2:	Cell divided at 17611.67019882199
      From worker 2:	Fork created at time 17611.67019882202
      From worker 3:	Cell divided at 11629.477586685256
      From worker 3:	Fork created at time 11656.591476399315
      From worker 5:	Cell divided at 14629.45196587887
      From worker 5:	Fork created at time 14640.52660844008
      From worker 3:	Cell divided at 11670.075725870678
      From worker 4:	Cell divided at 22455.053570082633
      From worker 2:	Fork created at time 17664.40384491416
      From worker 4:	Fork created at time 22465.77142446957
      From worker 2:	Cell divided at 17671.66919882476
      From worker 3:	Fork created at time 11696.588444240495
      From worker 5:	Fork created at time 14699.038022464036
      From worker 5:	Cell divided at 14700.525608453703
      From worker 3:	Cell divided at 11716.590476406966
      From worker 4:	Cell divided at 22525.770424483442
      From worker 2:	Fork created at time 17722.95000344533
      From worker 4:	Fork created at time 22535.289018731357
      From worker 2:	Cell divided at 17724.402844919467
      From worker 3:	Fork created at time 11737.509333036223
      From worker 5:	Cell divided at 14759.03702247933
      From worker 5:	Fork created at time 14773.38858784871
      From worker 3:	Cell divided at 11756.58744426198
      From worker 4:	Cell divided at 22595.28801878626
      From worker 5:	Cell divided at 14833.387587858208
      From worker 2:	Fork created at time 17774.738152983642
      From worker 3:	Fork created at time 11780.641528785045
      From worker 5:	Fork created at time 14860.315301593891
      From worker 4:	Fork created at time 22637.513886767803
      From worker 2:	Cell divided at 17782.949003451813
      From worker 3:	Cell divided at 11797.50833303796
      From worker 5:	Cell divided at 14920.314301609656
      From worker 4:	Cell divided at 22697.512886769025
      From worker 5:	Fork created at time 14948.723779827493
      From worker 3:	Fork created at time 11824.417918254121
      From worker 4:	Fork created at time 22764.36994942034
      From worker 2:	Fork created at time 17829.201872523157
      From worker 2:	Cell divided at 17834.737152984177
      From worker 5:	Cell divided at 15008.72277986462
      From worker 3:	Cell divided at 11840.640528787007
      From worker 5:	Fork created at time 15030.055448744251
      From worker 4:	Cell divided at 22824.368949451917
      From worker 3:	Fork created at time 11869.141124012209
      From worker 4:	Fork created at time 22925.04062306758
      From worker 3:	Cell divided at 11884.416918258812
      From worker 2:	Fork created at time 17881.003643744534
      From worker 5:	Fork created at time 15084.344152949127
      From worker 4:	Cell divided at 22985.03962306912
      From worker 2:	Cell divided at 17889.200872523208
      From worker 5:	Cell divided at 15090.054448752966
      From worker 3:	Fork created at time 11907.175714755776
      From worker 4:	Fork created at time 23064.437818349415
      From worker 3:	Cell divided at 11929.140124013984
      From worker 5:	Fork created at time 15135.226057728496
      From worker 4:	Cell divided at 23124.43681838725
      From worker 2:	Fork created at time 17937.964714978443
      From worker 2:	Cell divided at 17941.002643749314
      From worker 5:	Cell divided at 15144.343152954598
      From worker 3:	Fork created at time 11953.03516381521
      From worker 4:	Fork created at time 23213.176496463973
      From worker 3:	Cell divided at 11967.174714759607
      From worker 4:	Cell divided at 23273.17549647818
      From worker 5:	Fork created at time 15188.558171100249
      From worker 2:	Cell divided at 17997.963714978578
      From worker 2:	Fork created at time 18000.313732587365
      From worker 5:	Cell divided at 15195.22505773589
      From worker 3:	Fork created at time 11994.822635319022
      From worker 4:	Fork created at time 23355.286929242986
      From worker 3:	Cell divided at 12013.0341638268
      From worker 4:	Cell divided at 23415.285929299174
      From worker 5:	Fork created at time 15239.344866075728
      From worker 2:	Cell divided at 18060.31273258775
      From worker 2:	Fork created at time 18078.379585708393
      From worker 5:	Cell divided at 15248.557171102297
      From worker 3:	Fork created at time 12032.703193693946
      From worker 4:	Fork created at time 23506.389265197402
      From worker 2:	Cell divided at 18138.37858571101
      From worker 4:	Cell divided at 23566.388265205405
      From worker 3:	Cell divided at 12054.821635324424
      From worker 5:	Fork created at time 15296.655328279605
      From worker 2:	Fork created at time 18160.58571552799
      From worker 5:	Cell divided at 15299.343866092771
      From worker 4:	Fork created at time 23618.918437485576
      From worker 3:	Fork created at time 12072.360274775634
      From worker 2:	Cell divided at 18220.58471554772
      From worker 2:	Fork created at time 18252.750658043882
      From worker 5:	Fork created at time 15346.711786199534
      From worker 3:	Cell divided at 12092.70219369459
      From worker 4:	Cell divided at 23678.91743750121
      From worker 5:	Cell divided at 15356.654328286812
      From worker 4:	Fork created at time 23717.596633948277
      From worker 3:	Fork created at time 12113.602384042593
      From worker 2:	Cell divided at 18312.74965805624
      From worker 2:	Fork created at time 18339.35690967797
      From worker 3:	Cell divided at 12132.35927478019
      From worker 5:	Fork created at time 15392.6841888233
      From worker 4:	Cell divided at 23777.59563395485
      From worker 3:	Fork created at time 12152.535979740047
      From worker 5:	Cell divided at 15406.710786201385
      From worker 2:	Cell divided at 18399.355909678063
      From worker 4:	Fork created at time 23804.677258108415
      From worker 2:	Fork created at time 18425.83524472739
      From worker 3:	Cell divided at 12173.601384044729
      From worker 5:	Fork created at time 15446.151787965951
      From worker 5:	Cell divided at 15452.683188824814
      From worker 3:	Fork created at time 12195.74848274178
      From worker 4:	Cell divided at 23864.67625810889
      From worker 2:	Cell divided at 18485.8342447278
      From worker 3:	Cell divided at 12212.53497974925
      From worker 2:	Fork created at time 18498.0821635614
      From worker 4:	Fork created at time 23900.038183277597
      From worker 5:	Fork created at time 15499.484163122233
      From worker 3:	Fork created at time 12245.512782855712
      From worker 5:	Cell divided at 15506.150787967212
      From worker 4:	Cell divided at 23960.037183287674
      From worker 3:	Cell divided at 12255.747482741874
      From worker 2:	Cell divided at 18558.081163577317
      From worker 4:	Fork created at time 24024.46584707022
      From worker 2:	Fork created at time 18585.310478818166
      From worker 5:	Cell divided at 15559.483163126733
      From worker 5:	Fork created at time 15568.071304611442
      From worker 3:	Fork created at time 12294.800320430915
      From worker 3:	Cell divided at 12305.511782861502
      From worker 4:	Cell divided at 24084.464847074993
      From worker 2:	Cell divided at 18645.30947882415
      From worker 5:	Cell divided at 15628.070304613519
      From worker 2:	Fork created at time 18658.00975813131
      From worker 5:	Fork created at time 15655.8453550032
      From worker 4:	Fork created at time 24143.399909236745
      From worker 3:	Fork created at time 12339.62545368864
      From worker 3:	Cell divided at 12354.799320431708
      From worker 5:	Cell divided at 15715.844355025343
      From worker 4:	Cell divided at 24203.398909237985
      From worker 5:	Fork created at time 15725.641669194594
      From worker 2:	Cell divided at 18718.00875817469
      From worker 2:	Fork created at time 18724.423369951634
      From worker 3:	Fork created at time 12381.496362587797
      From worker 4:	Fork created at time 24257.111787523172
      From worker 5:	Cell divided at 15785.640669195747
      From worker 5:	Fork created at time 15799.767727853112
      From worker 3:	Cell divided at 12399.624453696768
      From worker 4:	Cell divided at 24317.110787538095
      From worker 4:	Fork created at time 24364.150560762377
      From worker 2:	Fork created at time 18783.98799612838
      From worker 2:	Cell divided at 18784.422369962656
      From worker 5:	Cell divided at 15859.766727862048
      From worker 3:	Fork created at time 12420.268663694987
      From worker 5:	Fork created at time 15879.57779784952
      From worker 4:	Cell divided at 24424.14956081494
      From worker 3:	Cell divided at 12441.49536259083
      From worker 5:	Cell divided at 15939.576797874848
      From worker 4:	Fork created at time 24503.779534773974
      From worker 5:	Fork created at time 15953.762472172157
      From worker 3:	Fork created at time 12466.67564125341
      From worker 2:	Fork created at time 18842.335832205234
      From worker 2:	Cell divided at 18843.986996130123
      From worker 3:	Cell divided at 12480.267663706525
      From worker 4:	Cell divided at 24563.778534783443
      From worker 5:	Cell divided at 16013.761472177228
      From worker 5:	Fork created at time 16016.285439411227
      From worker 3:	Fork created at time 12518.198986447711
      From worker 4:	Fork created at time 24658.904876924036
      From worker 3:	Cell divided at 12526.674641264342
      From worker 2:	Fork created at time 18896.843584152313
      From worker 4:	Cell divided at 24718.90387695425
      From worker 2:	Cell divided at 18902.334832206096
      From worker 3:	Fork created at time 12568.217367528416
      From worker 5:	Fork created at time 16074.30258962148
      From worker 5:	Cell divided at 16076.284439421252
      From worker 3:	Cell divided at 12578.19798645491
      From worker 4:	Fork created at time 24791.107259707696
      From worker 3:	Fork created at time 12625.0292940978
      From worker 2:	Fork created at time 18948.170233700966
      From worker 3:	Cell divided at 12628.216367536192
      From worker 4:	Cell divided at 24851.106259719094
      From worker 5:	Cell divided at 16134.301589622744
      From worker 5:	Fork created at time 16134.301589650984
      From worker 2:	Cell divided at 18956.842584155704
      From worker 4:	Fork created at time 24879.014508042306
      From worker 3:	Fork created at time 12671.715766791145
      From worker 3:	Cell divided at 12685.028294112724
      From worker 5:	Fork created at time 16180.79909218908
      From worker 2:	Fork created at time 19003.13140433335
      From worker 2:	Cell divided at 19008.16923372944
      From worker 4:	Cell divided at 24939.013508049393
      From worker 5:	Cell divided at 16194.300589659988
      From worker 3:	Fork created at time 12715.863501558266
      From worker 4:	Fork created at time 24970.208463165483
      From worker 3:	Cell divided at 12731.714766793422
      From worker 5:	Fork created at time 16230.32579788831
      From worker 2:	Cell divided at 19063.130404340493
      From worker 2:	Fork created at time 19075.73881140016
      From worker 4:	Cell divided at 25030.207463165727
      From worker 5:	Cell divided at 16240.79809219896
      From worker 3:	Fork created at time 12757.198094209134
      From worker 4:	Fork created at time 25083.875863561592
      From worker 2:	Cell divided at 19135.737811403982
      From worker 3:	Cell divided at 12775.862501569796
      From worker 5:	Cell divided at 16290.324797916866
      From worker 2:	Fork created at time 19168.566992778837
      From worker 5:	Fork created at time 16291.556382271807
      From worker 3:	Fork created at time 12797.934128106184
      From worker 4:	Cell divided at 25143.874863564168
      From worker 2:	Cell divided at 19228.565992901626
      From worker 4:	Fork created at time 25205.742847069938
      From worker 5:	Cell divided at 16351.555382277827
      From worker 5:	Fork created at time 16351.555382294315
      From worker 2:	Fork created at time 19282.858723713685
      From worker 3:	Cell divided at 12817.19709420958
      From worker 3:	Fork created at time 12836.647772739472
      From worker 4:	Cell divided at 25265.741847096695
      From worker 2:	Cell divided at 19342.857723737037
      From worker 5:	Fork created at time 16403.67506472474
      From worker 2:	Fork created at time 19365.029873213156
      From worker 3:	Cell divided at 12857.933128128909
      From worker 4:	Fork created at time 25311.55970748056
      From worker 5:	Cell divided at 16411.554382333117
      From worker 3:	Fork created at time 12886.07456969752
      From worker 3:	Cell divided at 12896.646772747597
      From worker 4:	Cell divided at 25371.55870751716
      From worker 5:	Fork created at time 16449.755946804366
      From worker 2:	Cell divided at 19425.0288732155
      From worker 2:	Fork created at time 19433.704188275184
      From worker 4:	Fork created at time 25416.90886330677
      From worker 3:	Fork created at time 12938.084912368013
      From worker 5:	Cell divided at 16463.67406472498
      From worker 3:	Cell divided at 12946.073569697675
      From worker 4:	Cell divided at 25476.90786331161
      From worker 2:	Cell divided at 19493.703188285246
      From worker 2:	Fork created at time 19509.29773994806
      From worker 5:	Cell divided at 16509.754946808094
      From worker 4:	Fork created at time 25523.74745753177
      From worker 3:	Fork created at time 12976.967644521656
      From worker 5:	Fork created at time 16515.94870530944
      From worker 4:	Cell divided at 25583.746457532565
      From worker 5:	Cell divided at 16575.947705314265
      From worker 3:	Cell divided at 12998.083912371589
      From worker 5:	Fork created at time 16587.217360753693
      From worker 2:	Cell divided at 19569.296739956608
      From worker 2:	Fork created at time 19579.716557835494
      From worker 3:	Fork created at time 13008.596764436972
      From worker 4:	Fork created at time 25629.105384945706
      From worker 5:	Cell divided at 16647.21636075667
      From worker 5:	Fork created at time 16658.763628612232
      From worker 4:	Cell divided at 25689.10438500412
      From worker 2:	Cell divided at 19639.715557843832
      From worker 2:	Fork created at time 19647.04488811332
      From worker 4:	Fork created at time 25730.31488019685
      From worker 3:	Cell divided at 13036.966644542048
      From worker 3:	Fork created at time 13038.889975086586
      From worker 5:	Fork created at time 16713.854469270485
      From worker 2:	Cell divided at 19707.043888137214
      From worker 5:	Cell divided at 16718.762628626657
      From worker 4:	Cell divided at 25790.31388020419
      From worker 2:	Fork created at time 19727.881467712872
      From worker 4:	Fork created at time 25838.804174313595
      From worker 3:	Cell divided at 13068.595764439488
      From worker 2:	Cell divided at 19787.880467713716
      From worker 5:	Fork created at time 16766.232117589145
      From worker 3:	Fork created at time 13081.858879260542
      From worker 2:	Fork created at time 19816.863881417285
      From worker 5:	Cell divided at 16773.853469280213
      From worker 4:	Cell divided at 25898.803174313656
      From worker 3:	Cell divided at 13098.888975091324
      From worker 4:	Fork created at time 25944.164655070184
      From worker 2:	Cell divided at 19876.862881430854
      From worker 5:	Fork created at time 16815.960644839535
      From worker 2:	Fork created at time 19915.359439642343
      From worker 3:	Fork created at time 13128.855220863106
      From worker 4:	Cell divided at 26004.16365508487
      From worker 5:	Cell divided at 16826.231117593852
      From worker 3:	Cell divided at 13141.857879264697
      From worker 4:	Fork created at time 26063.585728435097
      From worker 3:	Fork created at time 13174.406377776819
      From worker 2:	Cell divided at 19975.358439659696
      From worker 2:	Fork created at time 19991.828178844295
      From worker 3:	Cell divided at 13188.854220876865
      From worker 5:	Fork created at time 16861.552015071826
      From worker 4:	Cell divided at 26123.584728446058
      From worker 5:	Cell divided at 16875.959644842256
      From worker 3:	Cell divided at 13234.405377779274
      From worker 3:	Fork created at time 13238.657675106788
      From worker 4:	Fork created at time 26168.742098147028
      From worker 2:	Cell divided at 20051.827178865708
      From worker 2:	Fork created at time 20072.14257499974
      From worker 5:	Fork created at time 16907.93782595662
      From worker 3:	Cell divided at 13298.656675109274
      From worker 3:	Fork created at time 13299.571955944266
      From worker 4:	Cell divided at 26228.741098156243
      From worker 5:	Cell divided at 16921.551015074263
      From worker 4:	Fork created at time 26272.369401411775
      From worker 2:	Cell divided at 20132.141575008936
      From worker 2:	Fork created at time 20142.41640432393
      From worker 3:	Cell divided at 13359.57095594461
      From worker 3:	Fork created at time 13361.848581948614
      From worker 5:	Cell divided at 16967.936825977074
      From worker 5:	Fork created at time 16981.387126787282
      From worker 4:	Cell divided at 26332.368401437467
      From worker 4:	Fork created at time 26357.503096742723
      From worker 3:	Fork created at time 13421.558401561117
      From worker 3:	Cell divided at 13421.847581949998
      From worker 2:	Cell divided at 20202.415404326795
      From worker 2:	Fork created at time 20216.204100783056
      From worker 5:	Cell divided at 17041.38612681077
      From worker 5:	Fork created at time 17042.908342509967
      From worker 4:	Cell divided at 26417.502096750737
      From worker 3:	Fork created at time 13478.30871438274
      From worker 3:	Cell divided at 13481.557401587246
      From worker 4:	Fork created at time 26453.0845460674
      From worker 5:	Cell divided at 17102.90734252429
      From worker 5:	Fork created at time 17115.558652923366
      From worker 2:	Cell divided at 20276.203100794595
      From worker 2:	Fork created at time 20276.20310079703
      From worker 3:	Fork created at time 13522.48991495709
      From worker 4:	Cell divided at 26513.08354608022
      From worker 3:	Cell divided at 13538.307714387349
      From worker 5:	Cell divided at 17175.557652924297
      From worker 4:	Fork created at time 26541.02605786111
      From worker 5:	Fork created at time 17182.77108170275
      From worker 2:	Cell divided at 20336.202100798415
      From worker 2:	Fork created at time 20341.882321963505
      From worker 3:	Fork created at time 13561.292627546063
      From worker 4:	Cell divided at 26601.025057871775
      From worker 5:	Fork created at time 17238.131719718356
      From worker 5:	Cell divided at 17242.770081707866
      From worker 4:	Fork created at time 26630.55773638464
      From worker 3:	Cell divided at 13582.48891495872
      From worker 2:	Cell divided at 20401.881321968733
      From worker 2:	Fork created at time 20419.41299343071
      From worker 3:	Fork created at time 13595.277184657933
      From worker 5:	Fork created at time 17291.060240782655
      From worker 4:	Cell divided at 26690.556736388113
      From worker 5:	Cell divided at 17298.130719733832
      From worker 2:	Cell divided at 20479.411993435348
      From worker 2:	Fork created at time 20491.404951172277
      From worker 4:	Fork created at time 26726.79222622345
      From worker 3:	Cell divided at 13621.291627547293
      From worker 3:	Fork created at time 13634.360532821396
      From worker 5:	Fork created at time 17346.44249921604
      From worker 5:	Cell divided at 17351.0592407828
      From worker 2:	Cell divided at 20551.403951187527
      From worker 4:	Cell divided at 26786.79122623399
      From worker 2:	Fork created at time 20560.75979741533
      From worker 3:	Cell divided at 13655.276184663806
      From worker 4:	Fork created at time 26823.465501297713
      From worker 3:	Fork created at time 13666.90042739932
      From worker 5:	Fork created at time 17398.633010392143
      From worker 5:	Cell divided at 17406.441499219392
      From worker 4:	Cell divided at 26883.46450129912
      From worker 2:	Cell divided at 20620.75879742942
      From worker 2:	Fork created at time 20626.015553217447
      From worker 4:	Fork created at time 26923.38957972814
      From worker 3:	Cell divided at 13694.359532826717
      From worker 3:	Fork created at time 13708.849828984095
      From worker 5:	Cell divided at 17458.632010393747
      From worker 5:	Fork created at time 17472.971762148256
      From worker 4:	Cell divided at 26983.388579739654
      From worker 2:	Cell divided at 20686.014553220964
      From worker 3:	Cell divided at 13726.899427403469
      From worker 2:	Fork created at time 20696.455206153376
      From worker 4:	Fork created at time 27046.730016615154
      From worker 3:	Fork created at time 13754.121932626575
      From worker 5:	Fork created at time 17526.28426630368
      From worker 5:	Cell divided at 17532.970762152167
      From worker 3:	Cell divided at 13768.848828989227
      From worker 2:	Cell divided at 20756.454206181726
      From worker 4:	Cell divided at 27106.729016618505
      From worker 2:	Fork created at time 20766.074195874062
      From worker 4:	Fork created at time 27144.556983115206
      From worker 3:	Fork created at time 13791.174700414085
      From worker 5:	Fork created at time 17583.560528567734
      From worker 5:	Cell divided at 17586.28326630751
      From worker 2:	Cell divided at 20826.073195876033
      From worker 2:	Fork created at time 20829.75043503809
      From worker 3:	Cell divided at 13814.120932626982
      From worker 4:	Cell divided at 27204.555983124377
      From worker 3:	Fork created at time 13836.162801179153
      From worker 4:	Fork created at time 27228.53622352721
      From worker 2:	Cell divided at 20889.749435039932
      From worker 5:	Fork created at time 17633.751189759772
      From worker 2:	Fork created at time 20907.561450554644
      From worker 3:	Cell divided at 13851.173700417583
      From worker 5:	Cell divided at 17643.559528570826
      From worker 2:	Cell divided at 20967.560450559446
      From worker 3:	Fork created at time 13874.380784341814
      From worker 2:	Fork created at time 20996.82060920179
      From worker 4:	Cell divided at 27288.535223530955
      From worker 4:	Fork created at time 27292.126479818424
      From worker 5:	Fork created at time 17690.822705794588
      From worker 5:	Cell divided at 17693.750189764956
      From worker 2:	Cell divided at 21056.819609215414
      From worker 3:	Cell divided at 13896.161801191196
      From worker 2:	Fork created at time 21098.8464939275
      From worker 3:	Fork created at time 13913.771957251129
      From worker 5:	Fork created at time 17748.106681549893
      From worker 4:	Cell divided at 27352.125479820144
      From worker 5:	Cell divided at 17750.82170579918
      From worker 2:	Cell divided at 21158.845493935638
      From worker 4:	Fork created at time 27386.27352391748
      From worker 2:	Fork created at time 21186.773369337756
      From worker 3:	Cell divided at 13934.37978434495
      From worker 5:	Cell divided at 17808.105681554098
      From worker 3:	Fork created at time 13948.956888985385
      From worker 5:	Fork created at time 17821.191221936697
      From worker 4:	Cell divided at 27446.272523921132
      From worker 2:	Cell divided at 21246.772369339717
      From worker 2:	Fork created at time 21254.65257556346
      From worker 4:	Fork created at time 27489.374870995645
      From worker 3:	Cell divided at 13973.770957271154
      From worker 5:	Fork created at time 17871.3763948538
      From worker 3:	Fork created at time 13990.067086404883
      From worker 4:	Cell divided at 27549.373871010175
      From worker 5:	Cell divided at 17881.19022193942
      From worker 2:	Cell divided at 21314.65157557749
      From worker 2:	Fork created at time 21327.072315610436
      From worker 3:	Cell divided at 14008.955888989274
      From worker 4:	Fork created at time 27610.592004494058
      From worker 5:	Fork created at time 17913.398242232928
      From worker 3:	Fork created at time 14030.043570138194
      From worker 4:	Cell divided at 27670.59100450359
      From worker 2:	Cell divided at 21387.071315615438
      From worker 2:	Fork created at time 21402.309535788776
      From worker 3:	Cell divided at 14050.066086417997
      From worker 4:	Fork created at time 27717.998407459214
      From worker 5:	Cell divided at 17931.37539485561
      From worker 3:	Fork created at time 14069.810152608561
      From worker 2:	Cell divided at 21462.308535802338
      From worker 4:	Cell divided at 27777.997407494593
      From worker 2:	Fork created at time 21484.31941071004
      From worker 5:	Fork created at time 17968.611332600423
      From worker 3:	Cell divided at 14090.042570167081
      From worker 5:	Cell divided at 17973.397242233183
      From worker 4:	Fork created at time 27838.247568210114
      From worker 3:	Fork created at time 14123.457922770249
      From worker 4:	Cell divided at 27898.24656822463
      From worker 2:	Cell divided at 21544.318410729124
      From worker 3:	Cell divided at 14129.80915260891
      From worker 2:	Fork created at time 21574.819454382286
      From worker 5:	Fork created at time 18021.953316988827
      From worker 5:	Cell divided at 18028.61033262043
      From worker 4:	Fork created at time 27970.32102384727
      From worker 3:	Fork created at time 14161.842650424805
      From worker 2:	Cell divided at 21634.818454386314
      From worker 4:	Cell divided at 28030.320023861506
      From worker 5:	Cell divided at 18081.95231701827
      From worker 5:	Fork created at time 18087.905899611596
      From worker 2:	Fork created at time 21646.78106772347
      From worker 4:	Fork created at time 28079.22190062962
      From worker 3:	Cell divided at 14183.456922776422
      From worker 5:	Cell divided at 18147.90489962263
      From worker 2:	Cell divided at 21706.780067748066
      From worker 3:	Fork created at time 14192.568229832887
      From worker 5:	Fork created at time 18164.3684253501
      From worker 2:	Fork created at time 21734.61552314426
      From worker 4:	Cell divided at 28139.22090062974
      From worker 4:	Fork created at time 28165.40256031268
      From worker 5:	Cell divided at 18224.367425351982
      From worker 5:	Fork created at time 18239.890462332616
      From worker 2:	Cell divided at 21794.614523145992
      From worker 3:	Cell divided at 14221.841650439774
      From worker 2:	Fork created at time 21808.160784972373
      From worker 4:	Cell divided at 28225.401560317317
      From worker 3:	Fork created at time 14226.818760206683
      From worker 5:	Cell divided at 18299.889462333056
      From worker 5:	Fork created at time 18320.557286262003
      From worker 4:	Fork created at time 28275.379591608085
      From worker 3:	Cell divided at 14252.567229844866
      From worker 2:	Cell divided at 21868.15978497465
      From worker 2:	Fork created at time 21875.920329759807
      From worker 4:	Cell divided at 28335.37859162255
      From worker 5:	Cell divided at 18380.556286269864
      From worker 5:	Fork created at time 18381.77349266903
      From worker 3:	Fork created at time 14264.375880286101
      From worker 4:	Fork created at time 28377.838146438982
      From worker 3:	Cell divided at 14286.81776020858
      From worker 2:	Cell divided at 21935.919329766835
      From worker 2:	Fork created at time 21944.572636934925
      From worker 5:	Fork created at time 18433.98174677906
      From worker 4:	Cell divided at 28437.83714648131
      From worker 3:	Fork created at time 14301.015980005432
      From worker 5:	Cell divided at 18441.772492674718
      From worker 4:	Fork created at time 28488.338977474265
      From worker 2:	Cell divided at 22004.571636946697
      From worker 3:	Cell divided at 14324.374880291456
      From worker 2:	Fork created at time 22020.48825360226
      From worker 5:	Fork created at time 18480.865784723814
      From worker 4:	Cell divided at 28548.337977478634
      From worker 3:	Fork created at time 14339.31471789085
      From worker 5:	Cell divided at 18493.980746789166
      From worker 4:	Fork created at time 28598.65773193738
      From worker 2:	Cell divided at 22080.48725361325
      From worker 3:	Cell divided at 14361.014980009846
      From worker 2:	Fork created at time 22099.327495036472
      From worker 3:	Fork created at time 14385.275673158369
      From worker 4:	Cell divided at 28658.656731941926
      From worker 5:	Fork created at time 18536.212612477448
      From worker 5:	Cell divided at 18540.864784752626
      From worker 3:	Cell divided at 14399.313717907253
      From worker 4:	Fork created at time 28704.058360724677
      From worker 2:	Cell divided at 22159.32649503793
      From worker 2:	Fork created at time 22164.733664053518
      From worker 3:	Fork created at time 14436.533974037498
      From worker 3:	Cell divided at 14445.274673158985
      From worker 5:	Fork created at time 18589.73596400023
      From worker 5:	Cell divided at 18596.211612484192
      From worker 4:	Cell divided at 28764.057360748306
      From worker 2:	Cell divided at 22224.732664057574
      From worker 4:	Fork created at time 28797.433482273675
      From worker 2:	Fork created at time 22257.611507872807
      From worker 3:	Fork created at time 14478.435841594348
      From worker 5:	Fork created at time 18635.53066140006
      From worker 4:	Cell divided at 28857.432482293185
      From worker 3:	Cell divided at 14496.532974045156
      From worker 2:	Cell divided at 22317.61050789286
      From worker 2:	Fork created at time 22340.422248597297
      From worker 5:	Cell divided at 18649.734964016014
      From worker 4:	Fork created at time 28914.55209552714
      From worker 3:	Fork created at time 14516.077124421805
      From worker 5:	Fork created at time 18682.038560811336
      From worker 3:	Cell divided at 14538.434841603788
      From worker 4:	Cell divided at 28974.55109554946
      From worker 2:	Cell divided at 22400.42124859873
      From worker 2:	Fork created at time 22406.068910549126
      From worker 4:	Fork created at time 29002.217793640564
      From worker 3:	Fork created at time 14556.720067781464
      From worker 5:	Cell divided at 18695.529661403732
      From worker 3:	Cell divided at 14576.076124425968
      From worker 5:	Fork created at time 18722.960415263507
      From worker 2:	Fork created at time 22464.882669347768
      From worker 2:	Cell divided at 22466.067910557762
      From worker 3:	Fork created at time 14601.063309636593
      From worker 4:	Cell divided at 29062.216793650157
      From worker 4:	Fork created at time 29075.233058582144
      From worker 5:	Cell divided at 18742.037560820583
      From worker 3:	Cell divided at 14616.719067807855
      From worker 2:	Cell divided at 22524.881669350438
      From worker 2:	Fork created at time 22524.88166936351
      From worker 3:	Fork created at time 14645.890857756654
      From worker 5:	Fork created at time 18778.11956516439
      From worker 5:	Cell divided at 18782.959415273403
      From worker 3:	Cell divided at 14661.062309639916
      From worker 4:	Cell divided at 29135.2320585825
      From worker 4:	Fork created at time 29143.66770825241
      From worker 2:	Cell divided at 22584.880669365328
      From worker 2:	Fork created at time 22600.02849072353
      From worker 3:	Fork created at time 14688.391036755964
      From worker 5:	Cell divided at 18838.11856519393
      From worker 5:	Fork created at time 18838.1185652026
      From worker 3:	Cell divided at 14705.889857760983
      From worker 4:	Cell divided at 29203.66670825979
      From worker 2:	Cell divided at 22660.02749073142
      From worker 4:	Fork created at time 29221.345642817418
      From worker 2:	Fork created at time 22667.965440089338
      From worker 3:	Fork created at time 14745.860135344208
      From worker 5:	Cell divided at 18898.117565222172
      From worker 3:	Cell divided at 14748.39003676032
      From worker 5:	Fork created at time 18906.347405928893
      From worker 4:	Cell divided at 29281.344642854227
      From worker 3:	Fork created at time 14798.221099640785
      From worker 5:	Cell divided at 18966.346405955195
      From worker 3:	Cell divided at 14805.859135348715
      From worker 5:	Fork created at time 18997.8170158473
      From worker 2:	Cell divided at 22727.964440115233
      From worker 4:	Fork created at time 29318.581627745065
      From worker 2:	Fork created at time 22740.345614388938
      From worker 3:	Fork created at time 14837.096267800269
      From worker 5:	Cell divided at 19057.816015857945
      From worker 5:	Fork created at time 19058.67986532699
      From worker 4:	Cell divided at 29378.58062775214
      From worker 3:	Cell divided at 14858.22009965575
      From worker 2:	Cell divided at 22800.344614402344
      From worker 4:	Fork created at time 29409.665207375318
      From worker 2:	Fork created at time 22804.325564272993
      From worker 3:	Fork created at time 14887.11745745144
      From worker 5:	Fork created at time 19109.834381057604
      From worker 3:	Cell divided at 14897.095267801222
      From worker 5:	Cell divided at 19118.678865327267
      From worker 4:	Cell divided at 29469.664207377027
      From worker 2:	Cell divided at 22864.32456428473
      From worker 2:	Fork created at time 22874.43113526546
      From worker 4:	Fork created at time 29510.952783756795
      From worker 3:	Cell divided at 14947.116457464881
      From worker 3:	Fork created at time 14949.079253619013
      From worker 5:	Fork created at time 19154.467592293182
      From worker 4:	Cell divided at 29570.951783804216
      From worker 5:	Cell divided at 19169.833381059387
      From worker 3:	Fork created at time 14990.040845059713
      From worker 2:	Fork created at time 22933.88728636618
      From worker 2:	Cell divided at 22934.43013528434
      From worker 4:	Fork created at time 29609.019836792857
      From worker 3:	Cell divided at 15009.078253648251
      From worker 5:	Fork created at time 19203.52063672285
      From worker 4:	Cell divided at 29669.018836806397
      From worker 3:	Fork created at time 15034.74163774164
      From worker 5:	Cell divided at 19214.46659230319
      From worker 2:	Fork created at time 22983.7676551167
      From worker 4:	Fork created at time 29720.033342634095
      From worker 3:	Cell divided at 15050.039845062976
      From worker 2:	Cell divided at 22993.886286371944
      From worker 4:	Cell divided at 29780.03234268465
      From worker 5:	Fork created at time 19250.357842707388
      From worker 3:	Fork created at time 15084.67291147122
      From worker 3:	Cell divided at 15094.740637780924
      From worker 4:	Fork created at time 29846.746743274598
      From worker 2:	Fork created at time 23032.964170540836
      From worker 5:	Cell divided at 19263.519636726745
      From worker 3:	Fork created at time 15128.880755780667
      From worker 2:	Cell divided at 23043.766655122767
      From worker 4:	Cell divided at 29906.745743280288
      From worker 3:	Cell divided at 15144.671911475902
      From worker 5:	Fork created at time 19297.421192136895
      From worker 4:	Fork created at time 29972.123108962907
      From worker 5:	Cell divided at 19310.35684271319
      From worker 3:	Fork created at time 15186.137034089013
      From worker 2:	Fork created at time 23088.229509420875
      From worker 3:	Cell divided at 15188.879755785318
      From worker 2:	Cell divided at 23092.963170544874
      From worker 4:	Cell divided at 30032.12210898442
      From worker 5:	Fork created at time 19354.311788117087
      From worker 5:	Cell divided at 19357.420192138812
      From worker 3:	Fork created at time 15227.170793961635
      From worker 4:	Fork created at time 30083.09432230938
      From worker 3:	Cell divided at 15246.136034093273
      From worker 2:	Cell divided at 23148.22850942091
      From worker 2:	Fork created at time 23148.22850943156
      From worker 5:	Cell divided at 19414.310788128663
      From worker 5:	Fork created at time 19414.310788134422
      From worker 4:	Cell divided at 30143.09332231341
      From worker 3:	Fork created at time 15272.49076553929
      From worker 4:	Fork created at time 30181.50842267849
      From worker 3:	Cell divided at 15287.169793962168
      From worker 2:	Cell divided at 23208.227509443765
      From worker 2:	Fork created at time 23208.227509444958
      From worker 5:	Fork created at time 19472.707858923124
      From worker 5:	Cell divided at 19474.30978813558
      From worker 3:	Fork created at time 15314.083647471642
      From worker 4:	Cell divided at 30241.507422698563
      From worker 3:	Cell divided at 15332.489765562836
      From worker 4:	Fork created at time 30280.00852275969
      From worker 2:	Cell divided at 23268.226509449883
      From worker 2:	Fork created at time 23272.291910449254
      From worker 5:	Fork created at time 19523.124642648516
      From worker 3:	Fork created at time 15365.587588174782
      From worker 5:	Cell divided at 19532.706858943122
      From worker 3:	Cell divided at 15374.082647492765
      From worker 4:	Cell divided at 30340.007522777818
      From worker 2:	Cell divided at 23332.290910462798
      From worker 4:	Fork created at time 30386.324703911814
      From worker 2:	Fork created at time 23339.591921745716
      From worker 3:	Fork created at time 15416.383965027473
      From worker 5:	Fork created at time 19575.5496246819
      From worker 3:	Cell divided at 15425.58658817524
      From worker 5:	Cell divided at 19583.123642654387
      From worker 4:	Cell divided at 30446.323703920494
      From worker 2:	Cell divided at 23399.590921747244
      From worker 2:	Fork created at time 23420.6823988377
      From worker 4:	Fork created at time 30522.4655843083
      From worker 3:	Fork created at time 15465.432316813012
      From worker 3:	Cell divided at 15476.382965041797
      From worker 5:	Fork created at time 19624.363815375196
      From worker 4:	Cell divided at 30582.46458432697
      From worker 5:	Cell divided at 19635.54862468473
      From worker 2:	Cell divided at 23480.68139885225
      From worker 4:	Fork created at time 30669.75249857187
      From worker 3:	Fork created at time 15514.083753023046
      From worker 2:	Fork created at time 23502.30741621621
      From worker 3:	Cell divided at 15525.431316816655
      From worker 5:	Fork created at time 19663.544943211884
      From worker 4:	Cell divided at 30729.751498578247
      From worker 2:	Cell divided at 23562.306416221094
      From worker 3:	Fork created at time 15554.79401483446
      From worker 2:	Fork created at time 23585.67585631064
      From worker 4:	Fork created at time 30772.521023655037
      From worker 5:	Cell divided at 19684.36281537659
      From worker 3:	Cell divided at 15574.082753032435
      From worker 5:	Fork created at time 19703.069031615796
      From worker 2:	Cell divided at 23645.674856336205
      From worker 3:	Fork created at time 15600.78322301101
      From worker 2:	Fork created at time 23703.2645852589
      From worker 3:	Cell divided at 15614.79301484632
      From worker 4:	Cell divided at 30832.520023667068
      From worker 5:	Cell divided at 19723.543943218112
      From worker 2:	Cell divided at 23763.263585367305
      From worker 4:	Fork created at time 30846.943428220027
      From worker 2:	Fork created at time 23834.650713826875
      From worker 3:	Fork created at time 15652.8793023646
      From worker 3:	Cell divided at 15660.782223026215
      From worker 5:	Fork created at time 19750.202842845054
      From worker 2:	Cell divided at 23894.649713843286
      From worker 5:	Cell divided at 19763.06803161983
      From worker 3:	Cell divided at 15712.878302383093
      From worker 2:	Fork created at time 23945.123024503002
      From worker 3:	Fork created at time 15719.160522577567
      From worker 4:	Cell divided at 30906.94242823358
      From worker 4:	Fork created at time 30920.412340601084
      From worker 5:	Fork created at time 19798.775894554183
      From worker 2:	Cell divided at 24005.122024505545
      From worker 3:	Fork created at time 15764.184735130879
      From worker 5:	Cell divided at 19810.201842846538
      From worker 2:	Fork created at time 24047.80014972402
      From worker 3:	Cell divided at 15779.159522580068
      From worker 4:	Cell divided at 30980.411340607152
      From worker 2:	Cell divided at 24107.799149737086
      From worker 4:	Fork created at time 31001.977835033696
      From worker 2:	Fork created at time 24121.05981936103
      From worker 5:	Cell divided at 19858.774894558803
      From worker 5:	Fork created at time 19860.396974414896
      From worker 3:	Fork created at time 15803.839163473689
      From worker 4:	Cell divided at 31061.976835042384
      From worker 3:	Cell divided at 15824.183735152963
      From worker 2:	Cell divided at 24181.05881937636
      From worker 5:	Cell divided at 19920.395974420917
      From worker 5:	Fork created at time 19930.289953305306
      From worker 2:	Fork created at time 24189.943260329295
      From worker 4:	Fork created at time 31103.111598930598
      From worker 3:	Fork created at time 15844.134411326839
      From worker 5:	Cell divided at 19990.288953317235
      From worker 5:	Fork created at time 20009.761606483855
      From worker 4:	Cell divided at 31163.110598940653
      From worker 3:	Cell divided at 15863.83816347369
      From worker 2:	Cell divided at 24249.94226034861
      From worker 2:	Fork created at time 24254.461758744852
      From worker 4:	Fork created at time 31199.1082721657
      From worker 3:	Fork created at time 15882.112711179616
      From worker 5:	Cell divided at 20069.760606501648
      From worker 5:	Fork created at time 20075.778118192764
      From worker 2:	Cell divided at 24314.46075875157
      From worker 2:	Fork created at time 24321.774036933406
      From worker 4:	Cell divided at 31259.107272193385
      From worker 3:	Cell divided at 15904.133411336987
      From worker 4:	Fork created at time 31283.952260442
      From worker 3:	Fork created at time 15915.185162065949
      From worker 5:	Fork created at time 20126.140894689197
      From worker 5:	Cell divided at 20135.777118193168
      From worker 2:	Cell divided at 24381.773036936887
      From worker 2:	Fork created at time 24391.839467062113
      From worker 4:	Cell divided at 31343.95126044541
      From worker 3:	Cell divided at 15942.111711180121
      From worker 5:	Fork created at time 20179.021579645276
      From worker 4:	Fork created at time 31360.95511910201
      From worker 5:	Cell divided at 20186.139894722754
      From worker 3:	Fork created at time 15950.308929162364
      From worker 2:	Cell divided at 24451.83846706833
      From worker 2:	Fork created at time 24452.662394815085
      From worker 5:	Cell divided at 20239.02057964569
      From worker 3:	Cell divided at 15975.184162072657
      From worker 5:	Fork created at time 20247.259015347274
      From worker 4:	Cell divided at 31420.95411910707
      From worker 3:	Fork created at time 15990.073954022879
      From worker 4:	Fork created at time 31449.89450353371
      From worker 2:	Cell divided at 24512.66139482493
      From worker 2:	Fork created at time 24519.89090344282
      From worker 3:	Cell divided at 16010.307929163968
      From worker 5:	Fork created at time 20306.01660197982
      From worker 5:	Cell divided at 20307.25801534892
      From worker 3:	Fork created at time 16030.99616403717
      From worker 4:	Cell divided at 31509.893503534873
      From worker 4:	Fork created at time 31533.578013035683
      From worker 2:	Cell divided at 24579.889903460233
      From worker 2:	Fork created at time 24586.07502076146
      From worker 3:	Cell divided at 16050.072954046957
      From worker 5:	Fork created at time 20364.424681675537
      From worker 5:	Cell divided at 20366.015601982057
      From worker 3:	Fork created at time 16070.375094537694
      From worker 4:	Cell divided at 31593.577013037917
      From worker 2:	Cell divided at 24646.074020771626
      From worker 4:	Fork created at time 31619.606998161613
      From worker 5:	Fork created at time 20417.904524615285
      From worker 3:	Cell divided at 16090.995164039638
      From worker 2:	Fork created at time 24667.56205396813
      From worker 5:	Cell divided at 20424.423681689095
      From worker 3:	Fork created at time 16110.628842739849
      From worker 4:	Cell divided at 31679.605998174764
      From worker 2:	Cell divided at 24727.561053971796
      From worker 5:	Fork created at time 20470.38585584917
      From worker 3:	Cell divided at 16130.37409454146
      From worker 2:	Fork created at time 24749.386364834812
      From worker 5:	Cell divided at 20477.903524627112
      From worker 4:	Fork created at time 31731.042295351748
      From worker 3:	Fork created at time 16151.20194142378
      From worker 2:	Cell divided at 24809.38536484204
      From worker 3:	Cell divided at 16170.627842757936
      From worker 2:	Fork created at time 24837.321600376505
      From worker 5:	Fork created at time 20524.635419717575
      From worker 5:	Cell divided at 20530.384855876604
      From worker 4:	Cell divided at 31791.04129536238
      From worker 3:	Fork created at time 16197.865105940702
      From worker 2:	Cell divided at 24897.320600389678
      From worker 4:	Fork created at time 31836.26789037192
      From worker 3:	Cell divided at 16211.200941438918
      From worker 2:	Fork created at time 24929.62994357472
      From worker 5:	Cell divided at 20584.63441973169
      From worker 5:	Fork created at time 20584.63441975704
      From worker 4:	Cell divided at 31896.26689043437
      From worker 3:	Fork created at time 16250.085725165714
      From worker 3:	Cell divided at 16257.864105952916
      From worker 4:	Fork created at time 31946.073231482016
      From worker 5:	Fork created at time 20642.63324748808
      From worker 2:	Cell divided at 24989.62894358791
      From worker 2:	Fork created at time 24991.511948289568
      From worker 5:	Cell divided at 20644.633419769852
      From worker 3:	Fork created at time 16294.818732776408
      From worker 4:	Cell divided at 32006.072231586797
      From worker 3:	Cell divided at 16310.084725172248
      From worker 5:	Cell divided at 20702.632247493566
      From worker 4:	Fork created at time 32087.0812580648
      From worker 5:	Fork created at time 20715.613620775395
      From worker 2:	Cell divided at 25051.5109483238
      From worker 2:	Fork created at time 25053.085158779264
      From worker 4:	Cell divided at 32147.080258147744
      From worker 3:	Fork created at time 16338.258345653141
      From worker 3:	Cell divided at 16354.817732778622
      From worker 5:	Cell divided at 20775.612620831173
      From worker 4:	Fork created at time 32256.00641744336
      From worker 5:	Fork created at time 20787.819593759206
      From worker 2:	Cell divided at 25113.084158820766
      From worker 2:	Fork created at time 25126.483943323623
      From worker 3:	Fork created at time 16380.054931245731
      From worker 4:	Cell divided at 32316.005417455133
      From worker 3:	Cell divided at 16398.257345659338
      From worker 5:	Cell divided at 20847.818593771393
      From worker 5:	Fork created at time 20847.818593772958
      From worker 4:	Fork created at time 32398.72734841503
      From worker 2:	Cell divided at 25186.48294332647
      From worker 2:	Fork created at time 25199.019227228986
      From worker 3:	Fork created at time 16425.347348969583
      From worker 4:	Cell divided at 32458.726348454482
      From worker 3:	Cell divided at 16440.05393125257
      From worker 5:	Fork created at time 20900.687238907332
      From worker 5:	Cell divided at 20907.81759377466
      From worker 4:	Fork created at time 32495.235684388463
      From worker 3:	Fork created at time 16468.603809639546
      From worker 2:	Fork created at time 25256.69548613387
      From worker 2:	Cell divided at 25259.018227234636
      From worker 5:	Fork created at time 20950.92910935688
      From worker 3:	Cell divided at 16485.346348991116
      From worker 4:	Cell divided at 32555.234684391762
      From worker 5:	Cell divided at 20960.686238926774
      From worker 4:	Fork created at time 32574.41280559432
      From worker 3:	Fork created at time 16514.036333261647
      From worker 2:	Fork created at time 25315.369476649284
      From worker 2:	Cell divided at 25316.694486135202
      From worker 5:	Fork created at time 21001.06028675975
      From worker 3:	Cell divided at 16528.60280963997
      From worker 4:	Cell divided at 32634.411805601623
      From worker 5:	Cell divided at 21010.928109359058
      From worker 4:	Fork created at time 32655.74206533773
      From worker 3:	Fork created at time 16555.45618159088
      From worker 2:	Fork created at time 25372.487863879724
      From worker 2:	Cell divided at 25375.36847664965
      From worker 5:	Fork created at time 21053.361278535947
      From worker 3:	Cell divided at 16574.03533326494
      From worker 4:	Cell divided at 32715.741065351653
      From worker 5:	Cell divided at 21061.059286778775
      From worker 3:	Fork created at time 16601.488309286287
      From worker 4:	Fork created at time 32759.471904750277
      From worker 2:	Cell divided at 25432.48686389214
      From worker 2:	Fork created at time 25439.39148402787
      From worker 3:	Cell divided at 16615.45518159351
      From worker 5:	Fork created at time 21112.555926567584
      From worker 5:	Cell divided at 21113.360278542674
      From worker 4:	Cell divided at 32819.47090475167
      From worker 3:	Fork created at time 16649.44621546105
      From worker 2:	Cell divided at 25499.3904840367
      From worker 4:	Fork created at time 32888.22120045663
      From worker 3:	Cell divided at 16661.48730929957
      From worker 2:	Fork created at time 25520.79833867756
      From worker 5:	Fork created at time 21172.173070887195
      From worker 5:	Cell divided at 21172.554926571167
      From worker 4:	Cell divided at 32948.22020046752
      From worker 3:	Fork created at time 16690.6559302003
      From worker 2:	Cell divided at 25580.797338695018
      From worker 4:	Fork created at time 33001.66656143593
      From worker 2:	Fork created at time 25609.20235179569
      From worker 3:	Cell divided at 16709.445215461714
      From worker 5:	Fork created at time 21223.870985366364
      From worker 4:	Cell divided at 33061.66556146824
      From worker 5:	Cell divided at 21232.17207090904
      From worker 3:	Fork created at time 16725.284306272973
      From worker 2:	Cell divided at 25669.201351828215
      From worker 4:	Fork created at time 33121.37033562328
      From worker 2:	Fork created at time 25713.74547533349
      From worker 5:	Fork created at time 21275.6361931185
      From worker 3:	Cell divided at 16750.65493020356
      From worker 5:	Cell divided at 21283.869985377423
      From worker 4:	Cell divided at 33181.36933565031
      From worker 2:	Cell divided at 25773.744475360065
      From worker 3:	Fork created at time 16766.673681799875
      From worker 2:	Fork created at time 25808.079752635094
      From worker 4:	Fork created at time 33215.82104758539
      From worker 5:	Fork created at time 21332.97746838647
      From worker 5:	Cell divided at 21335.635193130212
      From worker 3:	Cell divided at 16785.283306300706
      From worker 2:	Cell divided at 25868.078752654656
      From worker 4:	Cell divided at 33275.82004762764
      From worker 3:	Fork created at time 16807.89848471395
      From worker 2:	Fork created at time 25902.5670271953
      From worker 4:	Fork created at time 33310.390619894046
      From worker 5:	Cell divided at 21392.976468390818
      From worker 5:	Fork created at time 21396.932068601167
      From worker 3:	Cell divided at 16826.672681814973
      From worker 2:	Cell divided at 25962.566027215544
      From worker 5:	Cell divided at 21456.9310686064
      From worker 3:	Fork created at time 16853.661525165313
      From worker 4:	Cell divided at 33370.389619898495
      From worker 2:	Fork created at time 26010.657593555687
      From worker 5:	Fork created at time 21478.79916596117
      From worker 3:	Cell divided at 16867.897484722256
      From worker 4:	Fork created at time 33426.01436331346
      From worker 2:	Cell divided at 26070.65659357518
      From worker 2:	Fork created at time 26087.365553914886
      From worker 5:	Cell divided at 21538.798165965407
      From worker 3:	Fork created at time 16895.891827703923
      From worker 5:	Fork created at time 21542.89121898395
      From worker 4:	Cell divided at 33486.013363353915
      From worker 4:	Fork created at time 33539.34647080185
      From worker 3:	Cell divided at 16913.660525172887
      From worker 2:	Cell divided at 26147.36455391631
      From worker 5:	Cell divided at 21602.8902189882
      From worker 5:	Fork created at time 21602.89021900266
      From worker 2:	Fork created at time 26176.89514063948
      From worker 4:	Cell divided at 33599.345470838394
      From worker 3:	Fork created at time 16930.867575557266
      From worker 4:	Fork created at time 33677.30265241207
      From worker 2:	Cell divided at 26236.894140646662
      From worker 5:	Cell divided at 21662.88921902851
      From worker 5:	Fork created at time 21672.1461230227
      From worker 2:	Fork created at time 26262.772317046114
      From worker 3:	Cell divided at 16955.890827708416
      From worker 4:	Cell divided at 33737.30165241362
      From worker 3:	Fork created at time 16964.766160762432
      From worker 4:	Fork created at time 33801.11595799961
      From worker 5:	Cell divided at 21732.145123023878
      From worker 2:	Cell divided at 26322.77131705433
      From worker 5:	Fork created at time 21740.064553167602
      From worker 2:	Fork created at time 26352.54155376828
      From worker 3:	Cell divided at 16990.86657555809
      From worker 3:	Fork created at time 17010.788357167236
      From worker 5:	Cell divided at 21800.06355316913
      From worker 4:	Cell divided at 33861.11495801856
      From worker 5:	Fork created at time 21812.029761838632
      From worker 2:	Cell divided at 26412.540553787978
      From worker 3:	Cell divided at 17024.765160788003
      From worker 4:	Fork created at time 33883.415765437465
      From worker 2:	Fork created at time 26440.596382738677
      From worker 3:	Fork created at time 17063.44992222243
      From worker 3:	Cell divided at 17070.78735717012
      From worker 5:	Fork created at time 21868.95718923919
      From worker 2:	Cell divided at 26500.595382740325
      From worker 5:	Cell divided at 21872.028761847345
      From worker 2:	Fork created at time 26517.418921378427
      From worker 4:	Cell divided at 33943.41476543784
      From worker 4:	Fork created at time 33969.41066578462
      From worker 3:	Fork created at time 17111.331371486427
      From worker 3:	Cell divided at 17123.44892224617
      From worker 5:	Fork created at time 21918.262621681013
      From worker 2:	Cell divided at 26577.417921415494
      From worker 2:	Fork created at time 26581.725638362463
      From worker 5:	Cell divided at 21928.95618927042
      From worker 3:	Fork created at time 17153.265769849422
      From worker 4:	Cell divided at 34029.40966579637
      From worker 4:	Fork created at time 34029.409665805455
      From worker 2:	Cell divided at 26641.724638364467
      From worker 5:	Cell divided at 21978.261621717586
      From worker 5:	Fork created at time 21978.261621721653
      From worker 3:	Cell divided at 17171.33037150308
      From worker 2:	Fork created at time 26651.245244244154
      From worker 3:	Fork created at time 17189.03877407593
      From worker 4:	Cell divided at 34089.40866580792
      From worker 4:	Fork created at time 34096.6472948178
      From worker 5:	Cell divided at 22038.260621734393
      From worker 5:	Fork created at time 22038.260621740414
      From worker 3:	Cell divided at 17213.264769852012
      From worker 2:	Cell divided at 26711.244244248355
      From worker 2:	Fork created at time 26711.244244257887
      From worker 3:	Fork created at time 17237.9731883567
      From worker 3:	Cell divided at 17249.037774093544
      From worker 4:	Cell divided at 34156.64629485886
      From worker 5:	Fork created at time 22091.76810133148
      From worker 5:	Cell divided at 22098.259621757414
      From worker 2:	Cell divided at 26771.243244307738
      From worker 4:	Fork created at time 34194.771498160204
      From worker 2:	Fork created at time 26774.566490409015
      From worker 3:	Fork created at time 17288.017270505836
      From worker 3:	Cell divided at 17297.972188358704
      From worker 5:	Cell divided at 22151.767101342135
      From worker 5:	Fork created at time 22151.76710136777
      From worker 4:	Cell divided at 34254.770498161495
      From worker 3:	Fork created at time 17335.450923900033
      From worker 2:	Cell divided at 26834.565490418663
      From worker 2:	Fork created at time 26843.540343458902
      From worker 4:	Fork created at time 34285.03312208142
      From worker 3:	Cell divided at 17348.016270507793
      From worker 5:	Cell divided at 22211.766101368175
      From worker 5:	Fork created at time 22211.766101369423
      From worker 3:	Fork created at time 17382.89199420593
      From worker 4:	Cell divided at 34345.03212208647
      From worker 3:	Cell divided at 17395.44992391138
      From worker 2:	Cell divided at 26903.539343465043
      From worker 2:	Fork created at time 26903.53934346823
      From worker 4:	Fork created at time 34372.943474743675
      From worker 5:	Fork created at time 22267.41383287375
      From worker 5:	Cell divided at 22271.765101371235
      From worker 3:	Fork created at time 17431.637660917073
      From worker 3:	Cell divided at 17442.890994220274
      From worker 2:	Cell divided at 26963.538343470158
      From worker 4:	Cell divided at 34432.94247474475
      From worker 2:	Fork created at time 26970.520369822258
      From worker 5:	Fork created at time 22316.149591765425
      From worker 4:	Fork created at time 34448.332695324665
      From worker 3:	Fork created at time 17481.261001484247
      From worker 3:	Cell divided at 17491.636660923432
      From worker 5:	Cell divided at 22327.412832879396
      From worker 2:	Cell divided at 27030.519369834194
      From worker 4:	Cell divided at 34508.33169533446
      From worker 3:	Fork created at time 17532.49157833682
      From worker 2:	Fork created at time 27051.594291206275
      From worker 5:	Fork created at time 22361.514404314938
      From worker 4:	Fork created at time 34544.0052583252
      From worker 3:	Cell divided at 17541.260001491864
      From worker 5:	Cell divided at 22376.148591779693
      From worker 4:	Cell divided at 34604.00425835353
      From worker 3:	Fork created at time 17577.353419571802
      From worker 2:	Cell divided at 27111.593291208123
      From worker 2:	Fork created at time 27126.238058109117
      From worker 5:	Fork created at time 22406.891830469605
      From worker 4:	Fork created at time 34667.640890359646
      From worker 3:	Cell divided at 17592.490578350356
      From worker 5:	Cell divided at 22421.513404331108
      From worker 4:	Cell divided at 34727.63989037004
      From worker 3:	Fork created at time 17628.344864165007
      From worker 2:	Cell divided at 27186.237058128627
      From worker 3:	Cell divided at 17637.352419575185
      From worker 2:	Fork created at time 27191.775890819146
      From worker 4:	Fork created at time 34803.79498209161
      From worker 5:	Fork created at time 22461.85933537653
      From worker 5:	Cell divided at 22466.890830487882
      From worker 3:	Fork created at time 17670.225490629353
      From worker 4:	Cell divided at 34863.79398218668
      From worker 3:	Cell divided at 17688.343864171806
      From worker 4:	Fork created at time 34972.104777469336
      From worker 2:	Cell divided at 27251.77489082628
      From worker 2:	Fork created at time 27257.004679111433
      From worker 5:	Fork created at time 22515.806090637994
      From worker 4:	Cell divided at 35032.10377748567
      From worker 3:	Fork created at time 17712.686677830712
      From worker 5:	Cell divided at 22521.858335376695
      From worker 3:	Cell divided at 17730.224490630157
      From worker 4:	Fork created at time 35162.22650209277
      From worker 2:	Cell divided at 27317.003679118407
      From worker 5:	Fork created at time 22560.3927829886
      From worker 2:	Fork created at time 27322.713954977196
      From worker 4:	Cell divided at 35222.22550215429
      From worker 3:	Fork created at time 17755.312507710285
      From worker 5:	Cell divided at 22575.805090639376
      From worker 4:	Fork created at time 35305.565245814105
      From worker 3:	Cell divided at 17772.685677832833
      From worker 2:	Cell divided at 27382.71295500454
      From worker 2:	Fork created at time 27400.260404635264
      From worker 5:	Fork created at time 22605.200200471998
      From worker 3:	Fork created at time 17791.047619886005
      From worker 4:	Cell divided at 35365.56424581986
      From worker 5:	Cell divided at 22620.391782988616
      From worker 4:	Fork created at time 35422.71135738551
      From worker 3:	Cell divided at 17815.311507711536
      From worker 2:	Cell divided at 27460.259404638666
      From worker 2:	Fork created at time 27475.62499785994
      From worker 3:	Fork created at time 17829.948063673804
      From worker 5:	Fork created at time 22662.3403937405
      From worker 5:	Cell divided at 22665.19920048233
      From worker 4:	Cell divided at 35482.71035738813
      From worker 4:	Fork created at time 35534.751310173924
      From worker 3:	Cell divided at 17851.046619888595
      From worker 2:	Cell divided at 27535.623997875926
      From worker 5:	Cell divided at 22722.339393747206
      From worker 3:	Fork created at time 17864.64109301538
      From worker 2:	Fork created at time 27552.76381718924
      From worker 5:	Fork created at time 22731.674024124768
      From worker 4:	Cell divided at 35594.75031017688
      From worker 4:	Fork created at time 35645.84688310938
      From worker 3:	Cell divided at 17889.947063680644
      From worker 5:	Cell divided at 22791.673024132393
      From worker 5:	Fork created at time 22797.14217839791
      From worker 2:	Cell divided at 27612.762817196115
      From worker 2:	Fork created at time 27627.03747386383
      From worker 3:	Fork created at time 17908.5790817914
      From worker 4:	Cell divided at 35705.845883115435
      From worker 4:	Fork created at time 35754.60543281884
      From worker 3:	Cell divided at 17924.640093018515
      From worker 5:	Cell divided at 22857.14117840143
      From worker 5:	Fork created at time 22861.099556205278
      From worker 2:	Cell divided at 27687.036473888053
      From worker 3:	Fork created at time 17950.644428719985
      From worker 2:	Fork created at time 27701.30964118505
      From worker 4:	Cell divided at 35814.60443282166
      From worker 5:	Cell divided at 22921.098556222274
      From worker 4:	Fork created at time 35835.9655273293
      From worker 3:	Cell divided at 17968.578081792562
      From worker 5:	Fork created at time 22939.187152986335
      From worker 3:	Fork created at time 17996.011915451905
      From worker 2:	Cell divided at 27761.308641185107
      From worker 2:	Fork created at time 27765.186131579216
      From worker 3:	Cell divided at 18010.64342872001
      From worker 4:	Cell divided at 35895.964527333206
      From worker 5:	Fork created at time 22995.737244965916
      From worker 5:	Cell divided at 22999.186152997398
      From worker 4:	Fork created at time 35917.44285252861
      From worker 3:	Fork created at time 18042.126006615497
      From worker 3:	Cell divided at 18056.010915452163
      From worker 2:	Cell divided at 27825.185131611976
      From worker 2:	Fork created at time 27828.60436220179
      From worker 5:	Cell divided at 23055.736244967735
      From worker 5:	Fork created at time 23055.736244969044
      From worker 4:	Cell divided at 35977.44185253924
      From worker 3:	Fork created at time 18093.693208070483
      From worker 3:	Cell divided at 18102.12500661694
      From worker 4:	Fork created at time 36012.00820848246
      From worker 2:	Cell divided at 27888.60336220634
      From worker 2:	Fork created at time 27888.6033622078
      From worker 5:	Cell divided at 23115.73524497111
      From worker 5:	Fork created at time 23124.42394770017
      From worker 3:	Fork created at time 18137.796029573576
      From worker 4:	Cell divided at 36072.007208515155
      From worker 3:	Cell divided at 18153.69220807669
      From worker 4:	Fork created at time 36119.92360447795
      From worker 5:	Cell divided at 23184.422947703428
      From worker 5:	Fork created at time 23193.018854714723
      From worker 2:	Cell divided at 27948.60236220962
      From worker 2:	Fork created at time 27948.60236221107
      From worker 3:	Fork created at time 18190.80742669133
      From worker 3:	Cell divided at 18197.795029592704
      From worker 4:	Cell divided at 36179.92260450439
      From worker 3:	Fork created at time 18238.604550933174
      From worker 5:	Cell divided at 23253.01785471509
      From worker 4:	Fork created at time 36205.11948790889
      From worker 5:	Fork created at time 23253.910220771017
      From worker 2:	Fork created at time 27999.47442719632
      From worker 3:	Cell divided at 18250.80642670785
      From worker 2:	Cell divided at 28008.60136221576
      From worker 3:	Fork created at time 18289.2554567011
      From worker 5:	Fork created at time 23306.579341332676
      From worker 4:	Cell divided at 36265.11848790893
      From worker 3:	Cell divided at 18298.603550934917
      From worker 5:	Cell divided at 23313.909220778907
      From worker 4:	Fork created at time 36291.52695623981
      From worker 2:	Fork created at time 28053.285254598926
      From worker 2:	Cell divided at 28059.473427197972
      From worker 3:	Fork created at time 18333.238814104014
      From worker 5:	Fork created at time 23361.13455410202
      From worker 5:	Cell divided at 23366.578341333567
      From worker 3:	Cell divided at 18349.25445670487
      From worker 4:	Cell divided at 36351.52595624015
      From worker 2:	Cell divided at 28113.28425460783
      From worker 2:	Fork created at time 28113.825580031687
      From worker 4:	Fork created at time 36369.7880356533
      From worker 3:	Fork created at time 18374.946640220624
      From worker 5:	Fork created at time 23416.072527554163
      From worker 5:	Cell divided at 23421.133554106636
      From worker 2:	Cell divided at 28173.8245800335
      From worker 3:	Cell divided at 18393.23781410933
      From worker 2:	Fork created at time 28195.102539194282
      From worker 4:	Cell divided at 36429.78703567297
      From worker 3:	Fork created at time 18411.813534174176
      From worker 4:	Fork created at time 36467.20623887073
      From worker 5:	Cell divided at 23476.071527555046
      From worker 5:	Fork created at time 23476.071527562806
      From worker 2:	Cell divided at 28255.101539215575
      From worker 2:	Fork created at time 28278.825473958612
      From worker 3:	Cell divided at 18434.94564022513
      From worker 4:	Cell divided at 36527.20523889398
      From worker 5:	Cell divided at 23536.070527568776
      From worker 5:	Fork created at time 23536.07052758496
      From worker 3:	Fork created at time 18451.058222912812
      From worker 2:	Cell divided at 28338.82447397962
      From worker 4:	Fork created at time 36578.96038106817
      From worker 2:	Fork created at time 28358.420552198993
      From worker 3:	Cell divided at 18471.812534176875
      From worker 4:	Cell divided at 36638.95938106928
      From worker 5:	Fork created at time 23589.912244330248
      From worker 3:	Fork created at time 18484.386616468317
      From worker 5:	Cell divided at 23596.069527585158
      From worker 4:	Fork created at time 36687.70787691002
      From worker 2:	Cell divided at 28418.419552215844
      From worker 2:	Fork created at time 28437.53499556389
      From worker 4:	Cell divided at 36747.70687694806
      From worker 3:	Cell divided at 18511.05722291696
      From worker 5:	Fork created at time 23649.405187790697
      From worker 5:	Cell divided at 23649.911244333318
      From worker 3:	Fork created at time 18522.361317051556
      From worker 4:	Fork created at time 36831.48888886488
      From worker 2:	Cell divided at 28497.53399556551
      From worker 2:	Fork created at time 28509.313792554545
      From worker 3:	Cell divided at 18544.385616468342
      From worker 4:	Cell divided at 36891.487888877666
      From worker 5:	Cell divided at 23709.404187791006
      From worker 5:	Fork created at time 23712.179572440942
      From worker 3:	Fork created at time 18570.134679637187
      From worker 2:	Cell divided at 28569.312792556968
      From worker 4:	Fork created at time 36943.967092960746
      From worker 2:	Fork created at time 28591.51385387672
      From worker 3:	Cell divided at 18582.360317064435
      From worker 5:	Fork created at time 23766.664751979537
      From worker 3:	Fork created at time 18615.808094067186
      From worker 4:	Cell divided at 37003.966092967275
      From worker 5:	Cell divided at 23772.17857245683
      From worker 2:	Cell divided at 28651.51285388181
      From worker 3:	Cell divided at 18630.133679679297
      From worker 2:	Fork created at time 28678.359249093483
      From worker 4:	Fork created at time 37064.125826929005
      From worker 5:	Fork created at time 23816.502422260506
      From worker 3:	Fork created at time 18667.331020848123
      From worker 4:	Cell divided at 37124.12482694165
      From worker 2:	Cell divided at 28738.358249104254
      From worker 3:	Cell divided at 18675.807094070784
      From worker 5:	Cell divided at 23826.663751993496
      From worker 2:	Fork created at time 28774.414849590907
      From worker 4:	Fork created at time 37198.343959961254
      From worker 3:	Fork created at time 18704.662490125338
      From worker 5:	Fork created at time 23875.273381992447
      From worker 5:	Cell divided at 23876.501422279744
      From worker 4:	Cell divided at 37258.34295998364
      From worker 2:	Cell divided at 28834.413849602584
      From worker 2:	Fork created at time 28864.281149153045
      From worker 4:	Fork created at time 37308.25103488605
      From worker 3:	Cell divided at 18727.330020848876
      From worker 5:	Cell divided at 23935.2723820103
      From worker 2:	Cell divided at 28924.280149166316
      From worker 3:	Fork created at time 18742.5168781917
      From worker 5:	Fork created at time 23952.54189215216
      From worker 2:	Fork created at time 28958.395887432347
      From worker 4:	Cell divided at 37368.25003488783
      From worker 4:	Fork created at time 37415.301266519535
      From worker 3:	Cell divided at 18764.661490137827
      From worker 5:	Cell divided at 24012.540892178833
      From worker 5:	Fork created at time 24029.574542117352
      From worker 2:	Cell divided at 29018.394887442897
      From worker 2:	Fork created at time 29044.64390300918
      From worker 3:	Fork created at time 18794.935541865852
      From worker 3:	Cell divided at 18802.515878202517
      From worker 5:	Cell divided at 24089.573542119622
      From worker 5:	Fork created at time 24110.582587109286
      From worker 4:	Cell divided at 37475.30026652329
      From worker 4:	Fork created at time 37486.64681039478
      From worker 2:	Cell divided at 29104.642903019067
      From worker 3:	Cell divided at 18854.93454186994
      From worker 3:	Fork created at time 18857.711271605476
      From worker 2:	Fork created at time 29116.346651433356
      From worker 5:	Cell divided at 24170.581587124798
      From worker 5:	Fork created at time 24188.559377456117
      From worker 3:	Cell divided at 18917.710271605716
      From worker 3:	Fork created at time 18920.068816154613
      From worker 2:	Cell divided at 29176.345651435207
      From worker 2:	Fork created at time 29183.385739487345
      From worker 4:	Cell divided at 37546.645810406546
      From worker 3:	Cell divided at 18980.06781615588
      From worker 4:	Fork created at time 37556.74512679872
      From worker 3:	Fork created at time 18987.479842982244
      From worker 5:	Cell divided at 24248.558377485897
      From worker 5:	Fork created at time 24248.558377487523
      From worker 3:	Fork created at time 19042.840406203883
      From worker 2:	Cell divided at 29243.384739490317
      From worker 2:	Fork created at time 29249.654843877943
      From worker 3:	Cell divided at 19047.478842995704
      From worker 4:	Cell divided at 37616.74412684016
      From worker 5:	Fork created at time 24298.17913810766
      From worker 4:	Fork created at time 37642.9704046707
      From worker 5:	Cell divided at 24308.557377490357
      From worker 3:	Fork created at time 19089.506660320112
      From worker 2:	Cell divided at 29309.653843886066
      From worker 2:	Fork created at time 29328.86777249701
      From worker 3:	Cell divided at 19102.839406205716
      From worker 4:	Cell divided at 37702.96940467629
      From worker 5:	Fork created at time 24345.66315442642
      From worker 4:	Fork created at time 37739.532375818126
      From worker 5:	Cell divided at 24358.178138119707
      From worker 3:	Fork created at time 19133.309654749246
      From worker 2:	Cell divided at 29388.86677250296
      From worker 3:	Cell divided at 19149.50566032434
      From worker 2:	Fork created at time 29408.421858883128
      From worker 4:	Cell divided at 37799.53137583609
      From worker 5:	Fork created at time 24401.54843167216
      From worker 5:	Cell divided at 24405.662154434307
      From worker 3:	Fork created at time 19175.26508814011
      From worker 4:	Fork created at time 37833.63865913829
      From worker 2:	Cell divided at 29468.4208589299
      From worker 3:	Cell divided at 19193.308654755943
      From worker 2:	Fork created at time 29482.068934072904
      From worker 5:	Cell divided at 24461.547431728166
      From worker 5:	Fork created at time 24464.420255531953
      From worker 4:	Cell divided at 37893.63765914957
      From worker 3:	Fork created at time 19219.13547708187
      From worker 4:	Fork created at time 37929.59666109229
      From worker 3:	Cell divided at 19235.264088153228
      From worker 2:	Cell divided at 29542.06793408403
      From worker 5:	Cell divided at 24524.419255558343
      From worker 5:	Fork created at time 24524.419255561425
      From worker 2:	Fork created at time 29551.28401055731
      From worker 3:	Fork created at time 19260.935411963055
      From worker 5:	Cell divided at 24584.418255592547
      From worker 4:	Cell divided at 37989.59566110107
      From worker 5:	Fork created at time 24615.400294639134
      From worker 3:	Cell divided at 19279.134477083655
      From worker 4:	Fork created at time 38008.284334002994
      From worker 2:	Cell divided at 29611.28301055973
      From worker 2:	Fork created at time 29627.930670176982
      From worker 5:	Cell divided at 24675.399294646064
      From worker 3:	Fork created at time 19316.98918611383
      From worker 5:	Fork created at time 24699.667899834112
      From worker 3:	Cell divided at 19320.93441197969
      From worker 2:	Cell divided at 29687.929670181544
      From worker 4:	Cell divided at 38068.28333403178
      From worker 5:	Cell divided at 24759.666899842505
      From worker 2:	Fork created at time 29705.18235328784
      From worker 5:	Fork created at time 24805.184886124614
      From worker 4:	Fork created at time 38088.10310666865
      From worker 3:	Fork created at time 19366.53289794083
      From worker 3:	Cell divided at 19376.98818612367
      From worker 5:	Cell divided at 24865.183886149705
      From worker 2:	Cell divided at 29765.1813533638
      From worker 5:	Fork created at time 24943.916031194938
      From worker 2:	Fork created at time 29786.73931057944
      From worker 3:	Fork created at time 19412.29867831808
      From worker 4:	Cell divided at 38148.10210668198
      From worker 5:	Cell divided at 25003.915031203243
      From worker 4:	Fork created at time 38166.38341889729
      From worker 3:	Cell divided at 19426.53189794586
      From worker 5:	Fork created at time 25033.090209723316
      From worker 2:	Cell divided at 29846.73831058181
      From worker 2:	Fork created at time 29855.76694814571
      From worker 3:	Fork created at time 19450.151248293485
      From worker 4:	Cell divided at 38226.3824189212
      From worker 5:	Fork created at time 25090.706702850883
      From worker 5:	Cell divided at 25093.089209727616
      From worker 4:	Fork created at time 38261.4439941137
      From worker 3:	Cell divided at 19472.297678322164
      From worker 2:	Cell divided at 29915.765948155262
      From worker 2:	Fork created at time 29922.128032095727
      From worker 3:	Fork created at time 19491.46034087858
      From worker 5:	Fork created at time 25137.280073069658
      From worker 4:	Cell divided at 38321.4429941187
      From worker 4:	Fork created at time 38342.56511098388
      From worker 3:	Cell divided at 19510.150248308422
      From worker 5:	Cell divided at 25150.705702858653
      From worker 2:	Fork created at time 29980.00931901194
      From worker 2:	Cell divided at 29982.127032119097
      From worker 3:	Fork created at time 19529.98237435046
      From worker 5:	Fork created at time 25183.382569361715
      From worker 4:	Cell divided at 38402.564110984975
      From worker 3:	Cell divided at 19551.45934088644
      From worker 4:	Fork created at time 38429.10031995396
      From worker 5:	Cell divided at 25197.279073076956
      From worker 2:	Fork created at time 30032.964923895062
      From worker 2:	Cell divided at 30040.00831901684
      From worker 3:	Fork created at time 19574.446813637758
      From worker 5:	Fork created at time 25237.3858464599
      From worker 3:	Cell divided at 19589.981374377017
      From worker 5:	Cell divided at 25243.38156936282
      From worker 4:	Cell divided at 38489.0993199577
      From worker 4:	Fork created at time 38516.742829227805
      From worker 2:	Cell divided at 30092.963923906467
      From worker 3:	Fork created at time 19617.35823655336
      From worker 2:	Fork created at time 30101.875190896255
      From worker 5:	Cell divided at 25297.38484646957
      From worker 5:	Fork created at time 25304.581071844575
      From worker 3:	Cell divided at 19634.44581363954
      From worker 4:	Cell divided at 38576.741829245475
      From worker 3:	Fork created at time 19659.862248176032
      From worker 4:	Fork created at time 38613.03925148838
      From worker 5:	Cell divided at 25364.580071856
      From worker 5:	Fork created at time 25373.110935305293
      From worker 2:	Fork created at time 30159.659429589996
      From worker 2:	Cell divided at 30161.8741909014
      From worker 3:	Cell divided at 19677.357236560994
      From worker 5:	Cell divided at 25433.10993531055
      From worker 5:	Fork created at time 25435.16243946002
      From worker 3:	Fork created at time 19704.85105328466
      From worker 4:	Cell divided at 38673.038251494574
      From worker 3:	Cell divided at 19719.86124818927
      From worker 4:	Fork created at time 38697.46576364645
      From worker 2:	Fork created at time 30217.755805629597
      From worker 2:	Cell divided at 30219.658429597028
      From worker 5:	Cell divided at 25495.161439557996
      From worker 5:	Fork created at time 25529.518690481505
      From worker 3:	Fork created at time 19757.867687715672
      From worker 3:	Cell divided at 19764.850053295624
      From worker 4:	Cell divided at 38757.46476364651
      From worker 5:	Cell divided at 25589.517690526798
      From worker 5:	Fork created at time 25599.33627806316
      From worker 2:	Fork created at time 30273.35840518248
      From worker 4:	Fork created at time 38792.10021052532
      From worker 2:	Cell divided at 30277.754805630855
      From worker 3:	Fork created at time 19808.69802478669
      From worker 3:	Cell divided at 19817.866687715694
      From worker 5:	Cell divided at 25659.33527807155
      From worker 5:	Fork created at time 25665.677215348067
      From worker 4:	Cell divided at 38852.09921054812
      From worker 4:	Fork created at time 38880.18743196468
      From worker 3:	Fork created at time 19854.121976817318
      From worker 2:	Cell divided at 30333.357405196544
      From worker 2:	Fork created at time 30336.96660281803
      From worker 3:	Cell divided at 19868.697024788617
      From worker 5:	Cell divided at 25725.676215361724
      From worker 5:	Fork created at time 25731.492114671422
      From worker 4:	Cell divided at 38940.18643196602
      From worker 3:	Fork created at time 19892.20535375671
      From worker 2:	Cell divided at 30396.965602836983
      From worker 2:	Fork created at time 30407.506193457248
      From worker 4:	Fork created at time 38977.94491088039
      From worker 5:	Cell divided at 25791.49111468633
      From worker 5:	Fork created at time 25797.24642498253
      From worker 3:	Cell divided at 19914.120976817994
      From worker 4:	Cell divided at 39037.943910888185
      From worker 2:	Cell divided at 30467.505193468558
      From worker 3:	Fork created at time 19931.81527670109
      From worker 2:	Fork created at time 30498.181695258052
      From worker 5:	Cell divided at 25857.24542498527
      From worker 5:	Fork created at time 25868.217127358013
      From worker 4:	Fork created at time 39109.05257652837
      From worker 3:	Cell divided at 19952.204353759273
      From worker 2:	Cell divided at 30558.180695261064
      From worker 3:	Fork created at time 19986.108072686417
      From worker 2:	Fork created at time 30574.76371383854
      From worker 3:	Cell divided at 19991.814276710164
      From worker 5:	Cell divided at 25928.216127365573
      From worker 4:	Cell divided at 39169.05157653981
      From worker 5:	Fork created at time 25941.57346824736
      From worker 4:	Fork created at time 39202.403829863004
      From worker 3:	Fork created at time 20038.004325410428
      From worker 3:	Cell divided at 20046.10707269062
      From worker 5:	Cell divided at 26001.572468279475
      From worker 5:	Fork created at time 26008.51828571135
      From worker 2:	Cell divided at 30634.762713839726
      From worker 2:	Fork created at time 30634.762713849217
      From worker 4:	Cell divided at 39262.40282988655
      From worker 4:	Fork created at time 39297.84219173246
      From worker 3:	Fork created at time 20077.175955228086
      From worker 5:	Fork created at time 26065.962663369162
      From worker 5:	Cell divided at 26068.517285713595
      From worker 3:	Cell divided at 20098.003325416605
      From worker 2:	Fork created at time 30687.542844827913
      From worker 4:	Cell divided at 39357.84119173703
      From worker 2:	Cell divided at 30694.761713849803
      From worker 3:	Fork created at time 20119.016208643236
      From worker 4:	Fork created at time 39373.338819058445
      From worker 5:	Fork created at time 26122.257367209968
      From worker 3:	Cell divided at 20137.174955228944
      From worker 5:	Cell divided at 26125.961663370414
      From worker 3:	Fork created at time 20161.384929410353
      From worker 2:	Fork created at time 30743.138615745356
      From worker 2:	Cell divided at 30747.541844831085
      From worker 4:	Cell divided at 39433.33781907605
      From worker 4:	Fork created at time 39442.98191207773
      From worker 5:	Cell divided at 26182.256367226433
      From worker 5:	Fork created at time 26182.256367239108
      From worker 3:	Cell divided at 20179.01520864359
      From worker 3:	Fork created at time 20200.189660082495
      From worker 2:	Fork created at time 30801.39190122499
      From worker 2:	Cell divided at 30803.13761575094
      From worker 5:	Fork created at time 26235.076812567808
      From worker 4:	Cell divided at 39502.980912086874
      From worker 5:	Cell divided at 26242.25536724807
      From worker 4:	Fork created at time 39518.39185293652
      From worker 3:	Cell divided at 20221.383929411157
      From worker 3:	Fork created at time 20239.946242602105
      From worker 2:	Fork created at time 30858.596335967395
      From worker 2:	Cell divided at 30861.39090124857
      From worker 5:	Fork created at time 26286.29567556042
      From worker 4:	Cell divided at 39578.39085294827
      From worker 5:	Cell divided at 26295.07581256944
      From worker 3:	Cell divided at 20260.188660083604
      From worker 4:	Fork created at time 39613.00492113523
      From worker 3:	Fork created at time 20282.261959824846
      From worker 2:	Cell divided at 30918.595335969487
      From worker 2:	Fork created at time 30918.694962022757
      From worker 5:	Fork created at time 26342.0044829217
      From worker 5:	Cell divided at 26346.294675590212
      From worker 3:	Cell divided at 20299.945242606253
      From worker 4:	Cell divided at 39673.003921195384
      From worker 4:	Fork created at time 39694.71380725006
      From worker 3:	Fork created at time 20330.65834618459
      From worker 2:	Cell divided at 30978.69396202466
      From worker 2:	Fork created at time 30989.128811436127
      From worker 5:	Cell divided at 26402.00348293724
      From worker 3:	Cell divided at 20342.26095983582
      From worker 5:	Fork created at time 26406.003358845286
      From worker 4:	Cell divided at 39754.7128072584
      From worker 3:	Fork created at time 20381.319766629596
      From worker 2:	Cell divided at 31049.12781146873
      From worker 3:	Cell divided at 20390.657346196782
      From worker 4:	Fork created at time 39799.88110844638
      From worker 5:	Fork created at time 26462.16744239822
      From worker 2:	Fork created at time 31066.4447939933
      From worker 5:	Cell divided at 26466.002358845646
      From worker 3:	Fork created at time 20421.92356231439
      From worker 4:	Cell divided at 39859.880108451434
      From worker 2:	Cell divided at 31126.443794012128
      From worker 2:	Fork created at time 31131.30012806214
      From worker 4:	Fork created at time 39907.75832887066
      From worker 3:	Cell divided at 20441.318766631925
      From worker 5:	Fork created at time 26522.046094169516
      From worker 5:	Cell divided at 26522.166442404392
      From worker 3:	Fork created at time 20463.737999762507
      From worker 4:	Cell divided at 39967.75732889344
      From worker 2:	Cell divided at 31191.29912806517
      From worker 3:	Cell divided at 20481.922562325053
      From worker 2:	Fork created at time 31207.94922323016
      From worker 4:	Fork created at time 40030.38490409664
      From worker 5:	Fork created at time 26574.21672278123
      From worker 5:	Cell divided at 26582.04509417715
      From worker 3:	Fork created at time 20517.28761546985
      From worker 3:	Cell divided at 20523.736999799738
      From worker 4:	Cell divided at 40090.3839041034
      From worker 2:	Cell divided at 31267.948223231553
      From worker 2:	Fork created at time 31270.34056827867
      From worker 5:	Fork created at time 26620.473878034565
      From worker 3:	Fork created at time 20570.508411506555
      From worker 4:	Fork created at time 40141.44740090587
      From worker 3:	Cell divided at 20577.286615484343
      From worker 5:	Cell divided at 26634.2157227887
      From worker 4:	Cell divided at 40201.44640090765
      From worker 3:	Fork created at time 20621.4487799546
      From worker 2:	Cell divided at 31330.339568292096
      From worker 2:	Fork created at time 31331.051686126913
      From worker 3:	Cell divided at 20630.507411513925
      From worker 5:	Fork created at time 26671.177779681973
      From worker 4:	Fork created at time 40242.98776590648
      From worker 5:	Cell divided at 26680.472878044973
      From worker 3:	Fork created at time 20665.61644677197
      From worker 4:	Cell divided at 40302.986765925525
      From worker 2:	Fork created at time 31386.72372918123
      From worker 5:	Fork created at time 26721.027366930386
      From worker 2:	Cell divided at 31391.050686129256
      From worker 3:	Cell divided at 20681.447779968817
      From worker 4:	Fork created at time 40370.49493731349
      From worker 5:	Cell divided at 26731.176779701756
      From worker 3:	Fork created at time 20703.7456209509
      From worker 2:	Fork created at time 31437.283566930757
      From worker 5:	Fork created at time 26769.494294522654
      From worker 4:	Cell divided at 40430.493937329804
      From worker 3:	Cell divided at 20725.615446773965
      From worker 4:	Fork created at time 40444.16554627679
      From worker 2:	Cell divided at 31446.722729182235
      From worker 5:	Cell divided at 26781.026366933085
      From worker 3:	Fork created at time 20741.5257115604
      From worker 5:	Fork created at time 26819.87997746794
      From worker 3:	Cell divided at 20763.7446209539
      From worker 2:	Fork created at time 31493.688436775945
      From worker 5:	Cell divided at 26829.493294528016
      From worker 2:	Cell divided at 31497.282566955873
      From worker 4:	Cell divided at 40504.16454628928
      From worker 4:	Fork created at time 40508.253074653134
      From worker 3:	Fork created at time 20787.589271555717
      From worker 3:	Cell divided at 20801.52471159313
      From worker 5:	Fork created at time 26874.042870399368
      From worker 5:	Cell divided at 26879.87897747603
      From worker 3:	Fork created at time 20830.431911137533
      From worker 2:	Cell divided at 31553.687436783588
      From worker 4:	Cell divided at 40568.25207467058
      From worker 2:	Fork created at time 31556.38821153861
      From worker 4:	Fork created at time 40589.224588464334
      From worker 3:	Cell divided at 20847.58827155668
      From worker 5:	Cell divided at 26934.041870400997
      From worker 5:	Fork created at time 26936.66172349772
      From worker 3:	Fork created at time 20877.109360943574
      From worker 4:	Cell divided at 40649.22358848342
      From worker 2:	Fork created at time 31615.317885446806
      From worker 3:	Cell divided at 20890.430911158
      From worker 2:	Cell divided at 31616.387211542253
      From worker 4:	Fork created at time 40679.916992896564
      From worker 5:	Cell divided at 26996.66072351098
      From worker 5:	Fork created at time 26996.660723512163
      From worker 3:	Fork created at time 20922.742233476205
      From worker 4:	Cell divided at 40739.91599294176
      From worker 3:	Cell divided at 20937.108360952392
      From worker 2:	Cell divided at 31675.31688546045
      From worker 2:	Fork created at time 31683.612496029873
      From worker 5:	Fork created at time 27045.299432104443
      From worker 4:	Fork created at time 40803.443828073
      From worker 3:	Fork created at time 20963.778545847068
      From worker 5:	Cell divided at 27056.659723517758
      From worker 2:	Cell divided at 31743.611496073092
      From worker 3:	Cell divided at 20982.741233484234
      From worker 2:	Fork created at time 31750.751368801666
      From worker 4:	Cell divided at 40863.44282807557
      From worker 5:	Fork created at time 27089.093837680273
      From worker 3:	Fork created at time 21001.546190440815
      From worker 4:	Fork created at time 40902.337587330265
      From worker 2:	Cell divided at 31810.750368805304
      From worker 5:	Cell divided at 27105.29843211865
      From worker 3:	Cell divided at 21023.777545850324
      From worker 2:	Fork created at time 31842.52556428582
      From worker 5:	Fork created at time 27129.949889991643
      From worker 3:	Fork created at time 21048.36474834115
      From worker 2:	Cell divided at 31902.524564301784
      From worker 3:	Cell divided at 21061.545190453777
      From worker 4:	Cell divided at 40962.33658734804
      From worker 4:	Fork created at time 40962.33658736669
      From worker 2:	Fork created at time 31937.481137975374
      From worker 5:	Cell divided at 27149.092837685526
      From worker 3:	Fork created at time 21091.693914950803
      From worker 5:	Fork created at time 27175.330095073205
      From worker 3:	Cell divided at 21108.363748351334
      From worker 2:	Cell divided at 31997.4801379825
      From worker 5:	Cell divided at 27189.948889995776
      From worker 2:	Fork created at time 32020.223429295318
      From worker 4:	Cell divided at 41022.33558737658
      From worker 3:	Fork created at time 21142.163744382568
      From worker 4:	Fork created at time 41038.02081331759
      From worker 3:	Cell divided at 21151.692914958185
      From worker 5:	Fork created at time 27226.42779211655
      From worker 2:	Cell divided at 32080.22242930254
      From worker 5:	Cell divided at 27235.329095075973
      From worker 3:	Fork created at time 21185.54113885566
      From worker 4:	Cell divided at 41098.019813335275
      From worker 2:	Fork created at time 32095.293940558284
      From worker 4:	Fork created at time 41128.753106449396
      From worker 3:	Cell divided at 21202.16274439451
      From worker 5:	Fork created at time 27272.79686623813
      From worker 3:	Fork created at time 21228.033329484435
      From worker 4:	Cell divided at 41188.75210649822
      From worker 5:	Cell divided at 27286.42679212137
      From worker 2:	Cell divided at 32155.29294056452
      From worker 2:	Fork created at time 32163.172081568104
      From worker 4:	Fork created at time 41225.68976781877
      From worker 3:	Cell divided at 21245.54013887335
      From worker 5:	Fork created at time 27322.405358669024
      From worker 3:	Fork created at time 21265.1386914723
      From worker 2:	Cell divided at 32223.171081569362
      From worker 4:	Cell divided at 41285.68876787244
      From worker 5:	Cell divided at 27332.795866245517
      From worker 2:	Fork created at time 32245.59011252277
      From worker 4:	Fork created at time 41337.464963600934
      From worker 3:	Cell divided at 21288.03232948511
      From worker 2:	Cell divided at 32305.58911258834
      From worker 5:	Fork created at time 27375.930413205042
      From worker 3:	Fork created at time 21304.96933692838
      From worker 2:	Fork created at time 32328.162574655762
      From worker 5:	Cell divided at 27382.40435867861
      From worker 4:	Cell divided at 41397.463963609785
      From worker 4:	Fork created at time 41449.71335428055
      From worker 3:	Cell divided at 21325.137691482323
      From worker 2:	Cell divided at 32388.16157466428
      From worker 5:	Cell divided at 27435.92941320604
      From worker 5:	Fork created at time 27439.241037393887
      From worker 2:	Fork created at time 32423.13085973453
      From worker 3:	Fork created at time 21343.986978055455
      From worker 4:	Cell divided at 41509.712354294985
      From worker 5:	Cell divided at 27499.24003741667
      From worker 3:	Cell divided at 21364.96833694086
      From worker 4:	Fork created at time 41564.28851978768
      From worker 5:	Fork created at time 27527.356649004294
      From worker 2:	Cell divided at 32483.12985973472
      From worker 2:	Fork created at time 32500.69420303599
      From worker 3:	Fork created at time 21383.985085125663
      From worker 5:	Cell divided at 27587.35564903595
      From worker 4:	Cell divided at 41624.2875197889
      From worker 3:	Cell divided at 21403.98597808568
      From worker 5:	Fork created at time 27611.827975883505
      From worker 4:	Fork created at time 41665.17038066401
      From worker 2:	Cell divided at 32560.69320303857
      From worker 2:	Fork created at time 32562.015593365886
      From worker 3:	Fork created at time 21433.228124745114
      From worker 5:	Cell divided at 27671.82697590297
      From worker 3:	Cell divided at 21443.9840851259
      From worker 5:	Fork created at time 27702.19005807763
      From worker 4:	Cell divided at 41725.16938067377
      From worker 3:	Fork created at time 21473.53709180459
      From worker 4:	Fork created at time 41758.11166054296
      From worker 2:	Fork created at time 32618.413919563034
      From worker 5:	Cell divided at 27762.189058096395
      From worker 2:	Cell divided at 32622.0145933694
      From worker 5:	Fork created at time 27771.61734102421
      From worker 3:	Cell divided at 21493.22712475893
      From worker 4:	Cell divided at 41818.110660549006
      From worker 3:	Fork created at time 21513.94738650739
      From worker 5:	Fork created at time 27826.56726089658
      From worker 2:	Fork created at time 32663.87031432503
      From worker 4:	Fork created at time 41850.02803325931
      From worker 5:	Cell divided at 27831.616341024634
      From worker 3:	Cell divided at 21533.536091820108
      From worker 2:	Cell divided at 32678.412919587146
      From worker 3:	Fork created at time 21552.73534224992
      From worker 5:	Fork created at time 27877.08610724246
      From worker 4:	Cell divided at 41910.027033280494
      From worker 5:	Cell divided at 27886.56626089732
      From worker 4:	Fork created at time 41935.31351065674
      From worker 2:	Fork created at time 32713.619029529298
      From worker 3:	Cell divided at 21573.946386511012
      From worker 2:	Cell divided at 32723.86931432714
      From worker 3:	Fork created at time 21601.730773158684
      From worker 5:	Fork created at time 27924.31955933911
      From worker 3:	Cell divided at 21612.734342254178
      From worker 4:	Cell divided at 41995.312510664706
      From worker 5:	Cell divided at 27937.08510724429
      From worker 2:	Cell divided at 32773.61802953261
      From worker 2:	Fork created at time 32778.33379486931
      From worker 4:	Fork created at time 42020.28596238195
      From worker 3:	Fork created at time 21653.097372553555
      From worker 3:	Cell divided at 21661.729773162988
      From worker 5:	Fork created at time 27972.966738425803
      From worker 2:	Cell divided at 32838.33279486932
      From worker 2:	Fork created at time 32850.513095569215
      From worker 5:	Cell divided at 27984.318559340085
      From worker 3:	Fork created at time 21708.870979169267
      From worker 3:	Cell divided at 21713.096372554362
      From worker 4:	Cell divided at 42080.2849623854
      From worker 4:	Fork created at time 42089.245825923135
      From worker 5:	Fork created at time 28022.96908071233
      From worker 2:	Cell divided at 32910.51209557094
      From worker 3:	Fork created at time 21758.70761504328
      From worker 2:	Fork created at time 32924.9416980027
      From worker 5:	Cell divided at 28032.965738449453
      From worker 3:	Cell divided at 21768.869979175073
      From worker 4:	Cell divided at 42149.24482593653
      From worker 4:	Fork created at time 42156.50515532036
      From worker 3:	Fork created at time 21806.59515082304
      From worker 5:	Fork created at time 28078.880238066627
      From worker 5:	Cell divided at 28082.968080725845
      From worker 2:	Cell divided at 32984.94069801262
      From worker 2:	Fork created at time 32984.988966182435
      From worker 3:	Cell divided at 21818.70661505
      From worker 4:	Cell divided at 42216.504155336464
      From worker 3:	Fork created at time 21845.794731654794
      From worker 5:	Cell divided at 28138.879238072732
      From worker 5:	Fork created at time 28140.020658311303
      From worker 4:	Fork created at time 42242.40744423466
      From worker 2:	Fork created at time 33041.98689025429
      From worker 3:	Cell divided at 21866.594150846813
      From worker 2:	Cell divided at 33044.98796618582
      From worker 4:	Cell divided at 42302.40644423725
      From worker 3:	Fork created at time 21886.06267640808
      From worker 5:	Fork created at time 28194.532088435357
      From worker 5:	Cell divided at 28200.019658332803
      From worker 4:	Fork created at time 42350.33157498205
      From worker 3:	Cell divided at 21905.79373167062
      From worker 2:	Cell divided at 33101.985890274744
      From worker 2:	Fork created at time 33112.55891547382
      From worker 4:	Cell divided at 42410.33057499199
      From worker 3:	Fork created at time 21930.801125112303
      From worker 5:	Fork created at time 28244.40823229193
      From worker 5:	Cell divided at 28254.531088445303
      From worker 4:	Fork created at time 42485.117880189406
      From worker 3:	Cell divided at 21946.061676415877
      From worker 2:	Cell divided at 33172.55791547449
      From worker 2:	Fork created at time 33172.5579154786
      From worker 3:	Fork created at time 21968.506949709674
      From worker 4:	Cell divided at 42545.116880216934
      From worker 5:	Cell divided at 28304.407232296813
      From worker 5:	Fork created at time 28304.787523124895
      From worker 4:	Fork created at time 42631.38371125239
      From worker 3:	Cell divided at 21990.800125116628
      From worker 2:	Fork created at time 33229.15601813274
      From worker 3:	Fork created at time 22009.45694554189
      From worker 2:	Cell divided at 33232.55691548238
      From worker 4:	Cell divided at 42691.38271126471
      From worker 5:	Fork created at time 28361.999004468278
      From worker 5:	Cell divided at 28364.786523146413
      From worker 4:	Fork created at time 42745.75842072339
      From worker 3:	Cell divided at 22028.50594971451
      From worker 4:	Cell divided at 42805.75742085981
      From worker 3:	Fork created at time 22053.505385554658
      From worker 2:	Fork created at time 33277.86742426544
      From worker 5:	Fork created at time 28410.670393329154
      From worker 5:	Cell divided at 28421.998004470952
      From worker 2:	Cell divided at 33289.15501813788
      From worker 3:	Cell divided at 22069.455945544676
      From worker 4:	Fork created at time 42881.30915850577
      From worker 3:	Fork created at time 22096.851685535297
      From worker 5:	Fork created at time 28462.136968595278
      From worker 4:	Cell divided at 42941.308158520864
      From worker 3:	Cell divided at 22113.504385559878
      From worker 2:	Fork created at time 33329.414451302415
      From worker 5:	Cell divided at 28470.669393335866
      From worker 2:	Cell divided at 33337.86642426871
      From worker 4:	Fork created at time 42972.13029122919
      From worker 3:	Fork created at time 22149.286928567213
      From worker 3:	Cell divided at 22156.85068558346
      From worker 5:	Fork created at time 28515.406765919925
      From worker 5:	Cell divided at 28522.13596861431
      From worker 4:	Cell divided at 43032.12929123924
      From worker 2:	Fork created at time 33385.16382802209
      From worker 2:	Cell divided at 33389.41345130874
      From worker 3:	Fork created at time 22201.996922501403
      From worker 3:	Cell divided at 22209.285928569803
      From worker 4:	Fork created at time 43062.48535532836
      From worker 5:	Fork created at time 28565.253670289036
      From worker 3:	Fork created at time 22250.597481496778
      From worker 5:	Cell divided at 28575.4057659202
      From worker 3:	Cell divided at 22261.99592254565
      From worker 2:	Cell divided at 33445.16282803945
      From worker 2:	Fork created at time 33450.920077301394
      From worker 4:	Cell divided at 43122.48435534438
      From worker 4:	Fork created at time 43142.61355393992
      From worker 3:	Fork created at time 22301.178476903147
      From worker 5:	Fork created at time 28620.54726809493
      From worker 3:	Cell divided at 22310.596481540564
      From worker 5:	Cell divided at 28625.252670309124
      From worker 2:	Cell divided at 33510.91907730219
      From worker 2:	Fork created at time 33516.35479117254
      From worker 3:	Fork created at time 22349.928865024416
      From worker 4:	Cell divided at 43202.61255394053
      From worker 4:	Fork created at time 43205.95425698078
      From worker 5:	Fork created at time 28669.812000425864
      From worker 3:	Cell divided at 22361.17747690468
      From worker 5:	Cell divided at 28680.546268104354
      From worker 2:	Fork created at time 33575.70817604818
      From worker 2:	Cell divided at 33576.353791172965
      From worker 3:	Fork created at time 22390.22417255536
      From worker 4:	Cell divided at 43265.95325702289
      From worker 5:	Fork created at time 28729.53893088559
      From worker 5:	Cell divided at 28729.811000435082
      From worker 4:	Fork created at time 43292.351376360944
      From worker 3:	Cell divided at 22409.927865028312
      From worker 2:	Cell divided at 33635.70717605831
      From worker 2:	Fork created at time 33635.70717608736
      From worker 3:	Fork created at time 22428.338111089943
      From worker 4:	Cell divided at 43352.35037637638
      From worker 5:	Fork created at time 28780.423865558663
      From worker 5:	Cell divided at 28789.53793090008
      From worker 4:	Fork created at time 43402.88205816799
      From worker 3:	Cell divided at 22450.223172564758
      From worker 2:	Cell divided at 33695.70617612066
      From worker 2:	Fork created at time 33697.56332584736
      From worker 3:	Fork created at time 22467.59375353146
      From worker 5:	Cell divided at 28840.422865602257
      From worker 5:	Fork created at time 28843.053245301428
      From worker 4:	Cell divided at 43462.88105817213
      From worker 4:	Fork created at time 43511.727866002206
      From worker 2:	Cell divided at 33757.56232587526
      From worker 3:	Cell divided at 22488.337111094334
      From worker 2:	Fork created at time 33785.901315226874
      From worker 5:	Cell divided at 28903.0522453252
      From worker 5:	Fork created at time 28904.118363046367
      From worker 3:	Fork created at time 22500.964402263435
      From worker 4:	Cell divided at 43571.726866003046
      From worker 2:	Cell divided at 33845.9003152289
      From worker 5:	Cell divided at 28964.117363052323
      From worker 4:	Fork created at time 43602.90206938966
      From worker 2:	Fork created at time 33866.69496296528
      From worker 5:	Fork created at time 28990.46594542323
      From worker 3:	Cell divided at 22527.59275353529
      From worker 3:	Fork created at time 22540.83949270884
      From worker 5:	Cell divided at 29050.464945442505
      From worker 2:	Cell divided at 33926.69396296892
      From worker 4:	Cell divided at 43662.90106942209
      From worker 5:	Fork created at time 29066.098717752142
      From worker 2:	Fork created at time 33965.410446085654
      From worker 4:	Fork created at time 43704.84560404208
      From worker 3:	Cell divided at 22560.963402264726
      From worker 3:	Fork created at time 22576.675861739794
      From worker 2:	Cell divided at 34025.40944610302
      From worker 5:	Cell divided at 29126.097717763936
      From worker 5:	Fork created at time 29127.78604158154
      From worker 4:	Cell divided at 43764.84460404345
      From worker 2:	Fork created at time 34047.90417586142
      From worker 4:	Fork created at time 43814.09797690332
      From worker 3:	Cell divided at 22600.838492709292
      From worker 3:	Terminated at 22600.838492709292 after 500 divisions
      From worker 3:	Finished run for ns=1.7623942844141665, abx=0.0 at 22:06:00
      From worker 5:	Cell divided at 29187.78504162505
      From worker 5:	Fork created at time 29196.19668604917
      From worker 2:	Cell divided at 34107.90317586775
      From worker 4:	Cell divided at 43874.09697690339
      From worker 2:	Fork created at time 34117.87399892031
      From worker 4:	Fork created at time 43914.5176606708
      From worker 5:	Cell divided at 29256.195686064097
      From worker 5:	Fork created at time 29260.229123968304
      From worker 2:	Fork created at time 34176.23735187544
      From worker 2:	Cell divided at 34177.87299892252
      From worker 4:	Cell divided at 43974.516660678775
      From worker 5:	Fork created at time 29318.347591259047
      From worker 5:	Cell divided at 29320.228123975834
      From worker 4:	Fork created at time 44000.253369814876
      From worker 2:	Fork created at time 34233.2660432662
      From worker 2:	Cell divided at 34236.23635189736
      From worker 5:	Fork created at time 29367.826309780477
      From worker 4:	Cell divided at 44060.25236982063
      From worker 5:	Cell divided at 29378.34659126306
      From worker 4:	Fork created at time 44088.46666698376
      From worker 2:	Cell divided at 34293.26504327348
      From worker 2:	Fork created at time 34308.67288084925
      From worker 5:	Fork created at time 29424.367127115456
      From worker 5:	Cell divided at 29427.825309783795
      From worker 4:	Cell divided at 44148.46566699095
      From worker 4:	Fork created at time 44184.294468709886
      From worker 2:	Cell divided at 34368.67188088227
      From worker 2:	Fork created at time 34395.31561692508
      From worker 5:	Fork created at time 29479.53191697483
      From worker 5:	Cell divided at 29484.366127123107
      From worker 4:	Cell divided at 44244.29346871897
      From worker 2:	Cell divided at 34455.314616930715
      From worker 4:	Fork created at time 44273.410645142554
      From worker 2:	Fork created at time 34501.43372124629
      From worker 5:	Cell divided at 29539.530916976662
      From worker 5:	Fork created at time 29547.710934300856
      From worker 4:	Cell divided at 44333.40964516475
      From worker 2:	Cell divided at 34561.432721265905
      From worker 2:	Fork created at time 34572.536931470706
      From worker 4:	Fork created at time 44394.764442032305
      From worker 5:	Cell divided at 29607.709934337487
      From worker 5:	Fork created at time 29612.150006384058
      From worker 4:	Cell divided at 44454.76344204963
      From worker 5:	Cell divided at 29672.149006387517
      From worker 5:	Fork created at time 29675.726406019392
      From worker 2:	Cell divided at 34632.53593151016
      From worker 2:	Fork created at time 34632.723447401695
      From worker 4:	Fork created at time 44551.582813321955
      From worker 5:	Cell divided at 29735.725406021644
      From worker 5:	Fork created at time 29757.046444946394
      From worker 4:	Cell divided at 44611.581813330486
      From worker 2:	Cell divided at 34692.72244740257
      From worker 4:	Fork created at time 44662.07324283805
      From worker 2:	Fork created at time 34700.35797289449
      From worker 5:	Cell divided at 29817.04544500345
      From worker 5:	Fork created at time 29844.032712113163
      From worker 4:	Cell divided at 44722.07224285778
      From worker 5:	Cell divided at 29904.031712127395
      From worker 2:	Cell divided at 34760.356972896334
      From worker 4:	Fork created at time 44790.086506638756
      From worker 2:	Fork created at time 34764.44351780202
      From worker 5:	Fork created at time 29916.725946241557
      From worker 4:	Cell divided at 44850.08550664806
      From worker 5:	Cell divided at 29976.7249462637
      From worker 5:	Terminated at 29976.7249462637 after 500 divisions
      From worker 5:	Finished run for ns=1.0365785284612912, abx=0.0 at 23:19:16
      From worker 2:	Cell divided at 34824.442517806565
      From worker 2:	Fork created at time 34829.416553397314
      From worker 4:	Fork created at time 44901.8305439812
      From worker 4:	Cell divided at 44961.82954398373
      From worker 2:	Cell divided at 34889.41555339945
      From worker 2:	Fork created at time 34900.912454944424
      From worker 4:	Fork created at time 45017.383602849404
      From worker 4:	Cell divided at 45077.382602908336
      From worker 2:	Cell divided at 34960.91145494546
      From worker 2:	Fork created at time 34966.84139723895
      From worker 4:	Fork created at time 45151.24450467351
      From worker 4:	Cell divided at 45211.24350471199
      From worker 4:	Fork created at time 45262.02408614698
      From worker 2:	Fork created at time 35021.55044177627
      From worker 2:	Cell divided at 35026.84039726563
      From worker 4:	Cell divided at 45322.023086147514
      From worker 4:	Fork created at time 45353.62828830572
      From worker 2:	Fork created at time 35080.44569137838
      From worker 2:	Cell divided at 35081.54944177772
      From worker 4:	Cell divided at 45413.62728833676
      From worker 2:	Cell divided at 35140.44469137888
      From worker 2:	Fork created at time 35140.6997606647
      From worker 4:	Fork created at time 45429.1467781839
      From worker 2:	Cell divided at 35200.69876066939
      From worker 2:	Fork created at time 35212.05195661532
      From worker 4:	Cell divided at 45489.14577821414
      From worker 4:	Fork created at time 45496.43659123049
      From worker 2:	Cell divided at 35272.05095661904
      From worker 2:	Fork created at time 35298.42174544538
      From worker 4:	Cell divided at 45556.43559124535
      From worker 2:	Cell divided at 35358.420745467396
      From worker 4:	Fork created at time 45563.87467462194
      From worker 2:	Fork created at time 35388.156705265894
      From worker 2:	Cell divided at 35448.15570526645
      From worker 2:	Fork created at time 35469.57267596543
      From worker 4:	Cell divided at 45623.87367462208
      From worker 4:	Fork created at time 45647.656649897064
      From worker 2:	Cell divided at 35529.571675966494
      From worker 2:	Fork created at time 35544.43409248826
      From worker 4:	Cell divided at 45707.65564990166
      From worker 4:	Fork created at time 45747.28490306219
      From worker 2:	Cell divided at 35604.43309249095
      From worker 2:	Fork created at time 35616.63226091892
      From worker 4:	Cell divided at 45807.28390307255
      From worker 4:	Fork created at time 45843.34674799532
      From worker 2:	Cell divided at 35676.631260919545
      From worker 4:	Cell divided at 45903.34574799615
      From worker 2:	Fork created at time 35697.686400812585
      From worker 4:	Fork created at time 45981.09321358251
      From worker 2:	Cell divided at 35757.68540081509
      From worker 4:	Cell divided at 46041.09221364294
      From worker 2:	Fork created at time 35761.12519117962
      From worker 4:	Fork created at time 46119.87161746846
      From worker 2:	Cell divided at 35821.12419118199
      From worker 2:	Fork created at time 35835.58976045735
      From worker 4:	Cell divided at 46179.870617518485
      From worker 4:	Fork created at time 46254.92639751112
      From worker 2:	Cell divided at 35895.58876046003
      From worker 2:	Fork created at time 35900.748224671355
      From worker 4:	Cell divided at 46314.92539752569
      From worker 4:	Fork created at time 46351.35727937726
      From worker 2:	Fork created at time 35958.423646382675
      From worker 2:	Cell divided at 35960.7472246764
      From worker 4:	Cell divided at 46411.356279396205
      From worker 4:	Fork created at time 46440.20692562087
      From worker 2:	Cell divided at 36018.42264638356
      From worker 2:	Fork created at time 36038.41733903728
      From worker 4:	Cell divided at 46500.20592562447
      From worker 4:	Fork created at time 46519.14498334717
      From worker 2:	Cell divided at 36098.4163390415
      From worker 2:	Fork created at time 36114.86294033466
      From worker 2:	Cell divided at 36174.86194037612
      From worker 4:	Cell divided at 46579.143983378395
      From worker 2:	Fork created at time 36182.812321737074
      From worker 4:	Fork created at time 46598.085601952625
      From worker 2:	Cell divided at 36242.81132174443
      From worker 2:	Fork created at time 36246.75959742276
      From worker 4:	Cell divided at 46658.084601962335
      From worker 4:	Fork created at time 46675.29416805777
      From worker 2:	Cell divided at 36306.758597442604
      From worker 2:	Fork created at time 36307.504166308456
      From worker 4:	Cell divided at 46735.293168068005
      From worker 4:	Fork created at time 46755.80485280641
      From worker 2:	Fork created at time 36360.39695553737
      From worker 2:	Cell divided at 36367.50316631533
      From worker 4:	Cell divided at 46815.80385283465
      From worker 4:	Fork created at time 46844.80468043116
      From worker 2:	Fork created at time 36418.05216212364
      From worker 4:	Cell divided at 46904.803680455974
      From worker 2:	Cell divided at 36420.395955564345
      From worker 4:	Fork created at time 46946.50481611429
      From worker 4:	Cell divided at 47006.50381611806
      From worker 2:	Fork created at time 36470.028436320055
      From worker 2:	Cell divided at 36478.05116213602
      From worker 4:	Fork created at time 47084.16966443811
      From worker 4:	Cell divided at 47144.1686645592
      From worker 2:	Cell divided at 36530.02743632945
      From worker 2:	Fork created at time 36544.957355037266
      From worker 4:	Fork created at time 47244.74692218992
      From worker 4:	Cell divided at 47304.74592229957
      From worker 2:	Cell divided at 36604.956355068854
      From worker 2:	Terminated at 36604.956355068854 after 500 divisions
      From worker 2:	Finished run for ns=0.7481584182562523, abx=0.0 at 02:20:30
      From worker 4:	Fork created at time 47365.90080834883
      From worker 4:	Cell divided at 47425.89980835105
      From worker 4:	Fork created at time 47474.82799070165
      From worker 4:	Cell divided at 47534.82699071965
      From worker 4:	Fork created at time 47595.385467540196
      From worker 4:	Cell divided at 47655.38446754687
      From worker 4:	Fork created at time 47735.45058717214
      From worker 4:	Cell divided at 47795.44958718496
      From worker 4:	Fork created at time 47845.304623236356
      From worker 4:	Cell divided at 47905.30362325334
      From worker 4:	Fork created at time 47948.89235437079
      From worker 4:	Cell divided at 48008.89135437429
      From worker 4:	Fork created at time 48039.037018653406
      From worker 4:	Cell divided at 48099.03601866378
      From worker 4:	Fork created at time 48138.618954583886
      From worker 4:	Cell divided at 48198.61795459097
      From worker 4:	Fork created at time 48250.03163246488
      From worker 4:	Cell divided at 48310.03063246837
      From worker 4:	Fork created at time 48371.42526555314
      From worker 4:	Cell divided at 48431.42426556401
      From worker 4:	Fork created at time 48480.65857455776
      From worker 4:	Cell divided at 48540.657574564415
      From worker 4:	Fork created at time 48582.17750281533
      From worker 4:	Cell divided at 48642.176502843075
      From worker 4:	Fork created at time 48668.11952566462
      From worker 4:	Cell divided at 48728.1185256684
      From worker 4:	Fork created at time 48744.05901330243
      From worker 4:	Cell divided at 48804.058013310874
      From worker 4:	Fork created at time 48823.09557584127
      From worker 4:	Cell divided at 48883.09457584292
      From worker 4:	Fork created at time 48906.97880723067
      From worker 4:	Cell divided at 48966.977807240335
      From worker 4:	Fork created at time 48981.90079741527
      From worker 4:	Cell divided at 49041.89979742531
      From worker 4:	Fork created at time 49071.36829072223
      From worker 4:	Cell divided at 49131.36729072831
      From worker 4:	Fork created at time 49145.39381645723
      From worker 4:	Cell divided at 49205.39281645908
      From worker 4:	Fork created at time 49242.97532440409
      From worker 4:	Cell divided at 49302.974324419636
      From worker 4:	Fork created at time 49326.78777994038
      From worker 4:	Cell divided at 49386.7867799473
      From worker 4:	Fork created at time 49396.726642163834
      From worker 4:	Cell divided at 49456.72564216704
      From worker 4:	Fork created at time 49459.95407755866
      From worker 4:	Cell divided at 49519.95307756754
      From worker 4:	Fork created at time 49522.504556807304
      From worker 4:	Cell divided at 49582.503556827156
      From worker 4:	Fork created at time 49585.01095951192
      From worker 4:	Cell divided at 49645.00995953242
      From worker 4:	Fork created at time 49672.03614508036
      From worker 4:	Cell divided at 49732.03514508132
      From worker 4:	Fork created at time 49788.47762292325
      From worker 4:	Cell divided at 49848.476622931004
      From worker 4:	Fork created at time 49894.369234026446
      From worker 4:	Cell divided at 49954.36823403793
      From worker 4:	Fork created at time 49989.1910703381
      From worker 4:	Cell divided at 50049.19007035293
      From worker 4:	Fork created at time 50078.7567780802
      From worker 4:	Cell divided at 50138.75577808517
      From worker 4:	Fork created at time 50162.265230526
      From worker 4:	Cell divided at 50222.26423053787
      From worker 4:	Fork created at time 50248.430560328685
      From worker 4:	Cell divided at 50308.42956033571
      From worker 4:	Fork created at time 50354.619248886534
      From worker 4:	Cell divided at 50414.618248888895
      From worker 4:	Fork created at time 50507.96735529337
      From worker 4:	Cell divided at 50567.96635529947
      From worker 4:	Fork created at time 50680.88228517211
      From worker 4:	Cell divided at 50740.88128517796
      From worker 4:	Fork created at time 50804.169551884486
      From worker 4:	Cell divided at 50864.16855189375
      From worker 4:	Fork created at time 50900.44254699435
      From worker 4:	Cell divided at 50960.44154701178
      From worker 4:	Fork created at time 51000.66420264458
      From worker 4:	Cell divided at 51060.66320264563
      From worker 4:	Fork created at time 51087.94412463562
      From worker 4:	Cell divided at 51147.9431246378
      From worker 4:	Fork created at time 51176.16312279419
      From worker 4:	Cell divided at 51236.162122806774
      From worker 4:	Fork created at time 51279.228749703245
      From worker 4:	Cell divided at 51339.22774971595
      From worker 4:	Fork created at time 51387.43190175195
      From worker 4:	Cell divided at 51447.43090176692
      From worker 4:	Fork created at time 51481.92394145929
      From worker 4:	Cell divided at 51541.922941542165
      From worker 4:	Terminated at 51541.922941542165 after 500 divisions
      From worker 4:	Finished run for ns=0.45586113648724746, abx=0.0 at 07:44:30
Finished simulations at 07:44:33
